{
"type": "FeatureCollection",
"name": "ohlung",
"crs": { "type": "name", "properties": { "name": "urn:ogc:def:crs:OGC:1.3:CRS84" } },
"features": [
{ "type": "Feature", "properties": { "FIPSNO": 39095, "AREA": 873382000.0, "PERIMETER": 164533.0, "RECORD_ID": 1, "COUNTYID": 48, "NAME": "Lucas", "LMW68": 128, "POPMW68": 205421, "LMB68": 19, "POPMB68": 25956, "LM68": 147, "POPM68": 231377, "LFW68": 27, "POPFW68": 220106, "LFB68": 1, "POPFB68": 28527, "LF68": 28, "POPF68": 248633, "LMW78": 149, "POPMW78": 194976, "LMB78": 34, "POPMB78": 30252, "LM78": 183, "POPM78": 225228, "LFW78": 48, "POPFW78": 210307, "LFB78": 4, "POPFB78": 33790, "LF78": 52, "POPF78": 244097, "LMW88": 150, "POPMW88": 185367, "LMB88": 39, "POPMB88": 36104, "LM88": 189, "POPM88": 221471, "LFW88": 108, "POPFW88": 200458, "LFB88": 8, "POPFB88": 41115, "LF88": 116, "POPF88": 241573 }, "geometry": { "type": "Polygon", "coordinates": [ [ [ -83.763956261989236, 41.71701940797211 ], [ -83.482697648968568, 41.725155780228633 ], [ -83.153750467207303, 41.626060186741334 ], [ -83.407282982356804, 41.616524861947596 ], [ -83.571191609992866, 41.612072965535674 ], [ -83.605834480056899, 41.571755249451684 ], [ -83.69152666569255, 41.532224184333856 ], [ -83.71444621897038, 41.485573363087966 ], [ -83.815744323561233, 41.430180100129448 ], [ -83.870857473398232, 41.415127597021886 ], [ -83.872459593730738, 41.486956375219279 ], [ -83.868639754175533, 41.715982814727916 ], [ -83.763956261989236, 41.71701940797211 ] ] ] } },
{ "type": "Feature", "properties": { "FIPSNO": 39051, "AREA": 1054690000.0, "PERIMETER": 134891.0, "RECORD_ID": 2, "COUNTYID": 26, "NAME": "Fulton", "LMW68": 4, "POPMW68": 15521, "LMB68": 0, "POPMB68": 50, "LM68": 4, "POPM68": 15571, "LFW68": 1, "POPFW68": 16358, "LFB68": 0, "POPFB68": 47, "LF68": 1, "POPF68": 16405, "LMW78": 10, "POPMW78": 18268, "LMB78": 0, "POPMB78": 75, "LM78": 10, "POPM78": 18343, "LFW78": 3, "POPFW78": 19080, "LFB78": 0, "POPFB78": 70, "LF78": 3, "POPF78": 19150, "LMW88": 8, "POPMW88": 18600, "LMB88": 1, "POPMB88": 62, "LM88": 9, "POPM88": 18662, "LFW88": 2, "POPFW88": 19444, "LFB88": 0, "POPFB88": 65, "LF88": 2, "POPF88": 19509 }, "geometry": { "type": "Polygon", "coordinates": [ [ [ -84.359206529554342, 41.708080142522228 ], [ -83.868639754175533, 41.715982814727916 ], [ -83.872459593730738, 41.486956375219279 ], [ -84.331867057610907, 41.484640573452324 ], [ -84.331975016083717, 41.511023792216569 ], [ -84.374577797777036, 41.512842120970951 ], [ -84.384395038959227, 41.707160140449076 ], [ -84.359206529554342, 41.708080142522228 ] ] ] } },
{ "type": "Feature", "properties": { "FIPSNO": 39055, "AREA": 1005750000.0, "PERIMETER": 146204.0, "RECORD_ID": 3, "COUNTYID": 28, "NAME": "Geauga", "LMW68": 4, "POPMW68": 30415, "LMB68": 0, "POPMB68": 472, "LM68": 4, "POPM68": 30887, "LFW68": 3, "POPFW68": 31131, "LFB68": 0, "POPFB68": 496, "LF68": 3, "POPF68": 31627, "LMW78": 11, "POPMW78": 35839, "LMB78": 1, "POPMB78": 604, "LM78": 12, "POPM78": 36443, "LFW78": 3, "POPFW78": 36148, "LFB78": 0, "POPFB78": 619, "LF78": 3, "POPF78": 36767, "LMW88": 17, "POPMW88": 37759, "LMB88": 1, "POPMB88": 1051, "LM88": 18, "POPM88": 38810, "LFW88": 12, "POPFW88": 37973, "LFB88": 0, "POPFB88": 1040, "LF88": 12, "POPF88": 39013 }, "geometry": { "type": "Polygon", "coordinates": [ [ [ -81.000937611241667, 41.711903444702614 ], [ -81.004277069263267, 41.49563830851119 ], [ -81.006526187879501, 41.343860473999392 ], [ -81.37706246520689, 41.346305611789802 ], [ -81.375662663179057, 41.420893219631061 ], [ -81.361553548330534, 41.420848346586837 ], [ -81.361357761253359, 41.439494572257445 ], [ -81.375458943987937, 41.439539491322201 ], [ -81.379886060945708, 41.564277818308007 ], [ -81.285307846414312, 41.564371240417429 ], [ -81.286664380145439, 41.63516511774661 ], [ -81.093700006191028, 41.63665530516019 ], [ -81.092030477815612, 41.712136811734581 ], [ -81.000937611241667, 41.711903444702614 ] ] ] } },
{ "type": "Feature", "properties": { "FIPSNO": 39171, "AREA": 1089180000.0, "PERIMETER": 136740.0, "RECORD_ID": 4, "COUNTYID": 86, "NAME": "Williams", "LMW68": 5, "POPMW68": 16252, "LMB68": 0, "POPMB68": 24, "LM68": 5, "POPM68": 16276, "LFW68": 0, "POPFW68": 17216, "LFB68": 0, "POPFB68": 20, "LF68": 0, "POPF68": 17236, "LMW78": 7, "POPMW78": 17678, "LMB78": 1, "POPMB78": 44, "LM78": 8, "POPM78": 17722, "LFW78": 0, "POPFW78": 18126, "LFB78": 0, "POPFB78": 70, "LF78": 0, "POPF78": 18196, "LMW88": 10, "POPMW88": 17822, "LMB88": 0, "POPMB88": 61, "LM88": 10, "POPM88": 17883, "LFW88": 7, "POPFW88": 18506, "LFB88": 0, "POPFB88": 110, "LF88": 7, "POPF88": 18616 }, "geometry": { "type": "Polygon", "coordinates": [ [ [ -84.791894050362188, 41.4278731785746 ], [ -84.791367943120875, 41.530458035666548 ], [ -84.790377248654934, 41.697532184259863 ], [ -84.384395038959227, 41.707160140449076 ], [ -84.374577797777036, 41.512842120970951 ], [ -84.331975016083717, 41.511023792216569 ], [ -84.331867057610907, 41.484640573452324 ], [ -84.334133531778846, 41.425858169341303 ], [ -84.791894050362188, 41.4278731785746 ] ] ] } },
{ "type": "Feature", "properties": { "FIPSNO": 39035, "AREA": 1242480000.0, "PERIMETER": 173664.0, "RECORD_ID": 5, "COUNTYID": 18, "NAME": "Cuyahoga", "LMW68": 435, "POPMW68": 677185, "LMB68": 87, "POPMB68": 157046, "LM68": 522, "POPM68": 834231, "LFW68": 88, "POPFW68": 734014, "LFB68": 23, "POPFB68": 176614, "LF68": 111, "POPF68": 910628, "LMW78": 442, "POPMW78": 567350, "LMB78": 138, "POPMB78": 161461, "LM78": 580, "POPM78": 728811, "LFW78": 165, "POPFW78": 623107, "LFB78": 36, "POPFB78": 186806, "LF78": 201, "POPF78": 809913, "LMW88": 453, "POPMW88": 499655, "LMB88": 188, "POPMB88": 178432, "LM88": 641, "POPM88": 678087, "LFW88": 269, "POPFW88": 552388, "LFB88": 83, "POPFB88": 207628, "LF88": 352, "POPF88": 760016 }, "geometry": { "type": "Polygon", "coordinates": [ [ [ -81.37706246520689, 41.346305611789802 ], [ -81.585361121877355, 41.34804689262446 ], [ -81.586170179288317, 41.330297712409809 ], [ -81.548338162755385, 41.279230315054988 ], [ -81.556493458920258, 41.272165136548701 ], [ -81.675272794432914, 41.273781641510112 ], [ -81.870504441773008, 41.274993081127334 ], [ -81.868782665899587, 41.345896032511327 ], [ -81.9675699042849, 41.348891033336457 ], [ -81.961912237003332, 41.501884298993588 ], [ -81.738502214524374, 41.491195796373276 ], [ -81.478260461399202, 41.631735415394544 ], [ -81.476434677480071, 41.566350281800631 ], [ -81.379886060945708, 41.564277818308007 ], [ -81.375458943987937, 41.439539491322201 ], [ -81.361357761253359, 41.439494572257445 ], [ -81.361553548330534, 41.420848346586837 ], [ -81.375662663179057, 41.420893219631061 ], [ -81.37706246520689, 41.346305611789802 ] ] ] } },
{ "type": "Feature", "properties": { "FIPSNO": 39123, "AREA": 634883000.0, "PERIMETER": 128356.0, "RECORD_ID": 6, "COUNTYID": 62, "NAME": "Ottawa", "LMW68": 10, "POPMW68": 17638, "LMB68": 0, "POPMB68": 164, "LM68": 10, "POPM68": 17802, "LFW68": 0, "POPFW68": 18430, "LFB68": 0, "POPFB68": 182, "LF68": 0, "POPF68": 18612, "LMW78": 8, "POPMW78": 19756, "LMB78": 0, "POPMB78": 170, "LM78": 8, "POPM78": 19926, "LFW78": 6, "POPFW78": 20388, "LFB78": 0, "POPFB78": 188, "LF78": 6, "POPF78": 20576, "LMW88": 16, "POPMW88": 19164, "LMB88": 0, "POPMB88": 205, "LM88": 16, "POPM88": 19369, "LFW88": 9, "POPFW88": 20063, "LFB88": 1, "POPFB88": 221, "LF88": 10, "POPF88": 20284 }, "geometry": { "type": "Polygon", "coordinates": [ [ [ -83.408964074562661, 41.497785321836218 ], [ -83.407282982356804, 41.616524861947596 ], [ -83.153750467207303, 41.626060186741334 ], [ -83.00343284348304, 41.538172365529363 ], [ -82.795828407857641, 41.537639990597697 ], [ -82.784713326521711, 41.507459893122295 ], [ -83.070403973630903, 41.456105190906896 ], [ -83.334141953999122, 41.454836555948354 ], [ -83.335761153841844, 41.49659411564771 ], [ -83.408964074562661, 41.497785321836218 ] ] ] } },
{ "type": "Feature", "properties": { "FIPSNO": 39173, "AREA": 1596150000.0, "PERIMETER": 164561.0, "RECORD_ID": 7, "COUNTYID": 87, "NAME": "Wood", "LMW68": 12, "POPMW68": 41948, "LMB68": 0, "POPMB68": 252, "LM68": 12, "POPM68": 42200, "LFW68": 0, "POPFW68": 43961, "LFB68": 0, "POPFB68": 228, "LF68": 0, "POPF68": 44189, "LMW78": 15, "POPMW78": 49614, "LMB78": 0, "POPMB78": 834, "LM78": 15, "POPM78": 50448, "LFW78": 7, "POPFW78": 52762, "LFB78": 0, "POPFB78": 924, "LF78": 7, "POPF78": 53686, "LMW88": 20, "POPMW88": 52032, "LMB88": 0, "POPMB88": 1185, "LM88": 20, "POPM88": 53217, "LFW88": 10, "POPFW88": 55618, "LFB88": 0, "POPFB88": 1230, "LF88": 10, "POPF88": 56848 }, "geometry": { "type": "Polygon", "coordinates": [ [ [ -83.416521663359177, 41.164559573481071 ], [ -83.870787267998338, 41.16367326082127 ], [ -83.870857473398232, 41.415127597021886 ], [ -83.815744323561233, 41.430180100129448 ], [ -83.71444621897038, 41.485573363087966 ], [ -83.69152666569255, 41.532224184333856 ], [ -83.605834480056899, 41.571755249451684 ], [ -83.571191609992866, 41.612072965535674 ], [ -83.407282982356804, 41.616524861947596 ], [ -83.408964074562661, 41.497785321836218 ], [ -83.415030384173463, 41.248804864110191 ], [ -83.416521663359177, 41.164559573481071 ] ] ] } },
{ "type": "Feature", "properties": { "FIPSNO": 39093, "AREA": 1306670000.0, "PERIMETER": 169931.0, "RECORD_ID": 8, "COUNTYID": 47, "NAME": "Lorain", "LMW68": 54, "POPMW68": 116701, "LMB68": 1, "POPMB68": 8092, "LM68": 55, "POPM68": 124793, "LFW68": 11, "POPFW68": 120578, "LFB68": 0, "POPFB68": 8724, "LF68": 11, "POPF68": 129302, "LMW78": 51, "POPMW78": 124615, "LMB78": 9, "POPMB78": 9997, "LM78": 60, "POPM78": 134612, "LFW78": 26, "POPFW78": 130063, "LFB78": 2, "POPFB78": 10760, "LF78": 28, "POPF78": 140823, "LMW88": 104, "POPMW88": 118533, "LMB88": 10, "POPMB88": 11333, "LM88": 114, "POPM88": 129866, "LFW88": 35, "POPFW88": 125680, "LFB88": 0, "POPFB88": 11809, "LF88": 35, "POPF88": 137489 }, "geometry": { "type": "Polygon", "coordinates": [ [ [ -82.165796318206674, 41.058808179149572 ], [ -82.330052813083043, 41.060812507894703 ], [ -82.336687802414474, 41.282774005495476 ], [ -82.34138670055593, 41.431520940644766 ], [ -82.015607291277917, 41.515293843778387 ], [ -81.961912237003332, 41.501884298993588 ], [ -81.9675699042849, 41.348891033336457 ], [ -81.868782665899587, 41.345896032511327 ], [ -81.870504441773008, 41.274993081127334 ], [ -81.967015590241516, 41.272601454987353 ], [ -81.967145281792469, 41.197205918411107 ], [ -82.070434018558316, 41.197192899904444 ], [ -82.069581898907487, 41.13675871734128 ], [ -82.164771491916483, 41.135565255168913 ], [ -82.165796318206674, 41.058808179149572 ] ] ] } },
{ "type": "Feature", "properties": { "FIPSNO": 39143, "AREA": 1079950000.0, "PERIMETER": 147567.0, "RECORD_ID": 9, "COUNTYID": 72, "NAME": "Sandusky", "LMW68": 16, "POPMW68": 29034, "LMB68": 0, "POPMB68": 584, "LM68": 16, "POPM68": 29618, "LFW68": 0, "POPFW68": 30825, "LFB68": 0, "POPFB68": 618, "LF68": 0, "POPF68": 31443, "LMW78": 23, "POPMW78": 30688, "LMB78": 0, "POPMB78": 696, "LM78": 23, "POPM78": 31384, "LFW78": 8, "POPFW78": 31886, "LFB78": 0, "POPFB78": 770, "LF78": 8, "POPF78": 32656, "LMW88": 18, "POPMW88": 29937, "LMB88": 1, "POPMB88": 818, "LM88": 19, "POPM88": 30755, "LFW88": 13, "POPFW88": 30018, "LFB88": 0, "POPFB88": 880, "LF88": 13, "POPF88": 30898 }, "geometry": { "type": "Polygon", "coordinates": [ [ [ -83.415030384173463, 41.248804864110191 ], [ -83.408964074562661, 41.497785321836218 ], [ -83.335761153841844, 41.49659411564771 ], [ -83.334141953999122, 41.454836555948354 ], [ -83.070403973630903, 41.456105190906896 ], [ -82.908928656511947, 41.429446553318861 ], [ -82.84281493668756, 41.426741972331456 ], [ -82.833895946401185, 41.284842777086212 ], [ -82.835248895274219, 41.254286776598207 ], [ -83.415030384173463, 41.248804864110191 ] ] ] } },
{ "type": "Feature", "properties": { "FIPSNO": 39155, "AREA": 1635690000.0, "PERIMETER": 161188.0, "RECORD_ID": 10, "COUNTYID": 78, "NAME": "Trumbull", "LMW68": 41, "POPMW68": 105286, "LMB68": 3, "POPMB68": 6409, "LM68": 44, "POPM68": 111695, "LFW68": 11, "POPFW68": 110599, "LFB68": 1, "POPFB68": 6954, "LF68": 12, "POPF68": 117553, "LMW78": 67, "POPMW78": 111432, "LMB78": 4, "POPMB78": 7338, "LM78": 71, "POPM78": 118770, "LFW78": 18, "POPFW78": 118124, "LFB78": 2, "POPFB78": 8102, "LF78": 20, "POPF78": 126226, "LMW88": 99, "POPMW88": 100709, "LMB88": 6, "POPMB88": 8357, "LM88": 105, "POPM88": 109066, "LFW88": 40, "POPFW88": 109047, "LFB88": 1, "POPFB88": 9137, "LF88": 41, "POPF88": 118184 }, "geometry": { "type": "Polygon", "coordinates": [ [ [ -80.999654490848883, 41.131545251709866 ], [ -81.006526187879501, 41.343860473999392 ], [ -81.004277069263267, 41.49563830851119 ], [ -80.52392006312003, 41.495103472119496 ], [ -80.519997217276284, 41.489322414281645 ], [ -80.522937781648722, 41.129656679948319 ], [ -80.999654490848883, 41.131545251709866 ] ] ] } },
{ "type": "Feature", "properties": { "FIPSNO": 39069, "AREA": 1121360000.0, "PERIMETER": 148575.0, "RECORD_ID": 11, "COUNTYID": 35, "NAME": "Henry", "LMW68": 3, "POPMW68": 12935, "LMB68": 0, "POPMB68": 132, "LM68": 3, "POPM68": 13067, "LFW68": 2, "POPFW68": 13440, "LFB68": 0, "POPFB68": 50, "LF68": 2, "POPF68": 13490, "LMW78": 6, "POPMW78": 14148, "LMB78": 0, "POPMB78": 127, "LM78": 6, "POPM78": 14275, "LFW78": 2, "POPFW78": 14644, "LFB78": 0, "POPFB78": 67, "LF78": 2, "POPF78": 14711, "LMW88": 8, "POPMW88": 13657, "LMB88": 0, "POPMB88": 242, "LM88": 8, "POPM88": 13899, "LFW88": 1, "POPFW88": 14357, "LFB88": 0, "POPFB88": 101, "LF88": 1, "POPF88": 14458 }, "geometry": { "type": "Polygon", "coordinates": [ [ [ -83.870787267998338, 41.16367326082127 ], [ -84.220973177229112, 41.160708932921239 ], [ -84.223260436464358, 41.422176850059124 ], [ -84.334133531778846, 41.425858169341303 ], [ -84.331867057610907, 41.484640573452324 ], [ -83.872459593730738, 41.486956375219279 ], [ -83.870857473398232, 41.415127597021886 ], [ -83.870787267998338, 41.16367326082127 ] ] ] } },
{ "type": "Feature", "properties": { "FIPSNO": 39043, "AREA": 646598000.0, "PERIMETER": 129103.0, "RECORD_ID": 12, "COUNTYID": 22, "NAME": "Erie", "LMW68": 17, "POPMW68": 33694, "LMB68": 1, "POPMB68": 2588, "LM68": 18, "POPM68": 36282, "LFW68": 4, "POPFW68": 35231, "LFB68": 0, "POPFB68": 2578, "LF68": 4, "POPF68": 37809, "LMW78": 24, "POPMW78": 35665, "LMB78": 3, "POPMB78": 2823, "LM78": 27, "POPM78": 38488, "LFW78": 12, "POPFW78": 37167, "LFB78": 0, "POPFB78": 3056, "LF78": 12, "POPF78": 40223, "LMW88": 32, "POPMW88": 34607, "LMB88": 2, "POPMB88": 3254, "LM88": 34, "POPM88": 37861, "LFW88": 19, "POPFW88": 35238, "LFB88": 1, "POPFB88": 3745, "LF88": 20, "POPF88": 38983 }, "geometry": { "type": "Polygon", "coordinates": [ [ [ -82.336687802414474, 41.282774005495476 ], [ -82.833895946401185, 41.284842777086212 ], [ -82.84281493668756, 41.426741972331456 ], [ -82.908928656511947, 41.429446553318861 ], [ -82.716947680810733, 41.45048683064573 ], [ -82.548836314893109, 41.391354758429941 ], [ -82.34138670055593, 41.431520940644766 ], [ -82.336687802414474, 41.282774005495476 ] ] ] } },
{ "type": "Feature", "properties": { "FIPSNO": 39039, "AREA": 1066170000.0, "PERIMETER": 153598.0, "RECORD_ID": 13, "COUNTYID": 20, "NAME": "Defiance", "LMW68": 3, "POPMW68": 18040, "LMB68": 0, "POPMB68": 72, "LM68": 3, "POPM68": 18112, "LFW68": 1, "POPFW68": 18531, "LFB68": 0, "POPFB68": 113, "LF68": 1, "POPF68": 18644, "LMW78": 8, "POPMW78": 19135, "LMB78": 0, "POPMB78": 194, "LM78": 8, "POPM78": 19329, "LFW78": 2, "POPFW78": 19675, "LFB78": 0, "POPFB78": 175, "LF78": 2, "POPF78": 19850, "LMW88": 15, "POPMW88": 19313, "LMB88": 0, "POPMB88": 264, "LM88": 15, "POPM88": 19577, "LFW88": 7, "POPFW88": 19659, "LFB88": 0, "POPFB88": 248, "LF88": 7, "POPF88": 19907 }, "geometry": { "type": "Polygon", "coordinates": [ [ [ -84.334133531778846, 41.425858169341303 ], [ -84.223260436464358, 41.422176850059124 ], [ -84.220973177229112, 41.160708932921239 ], [ -84.332263897603553, 41.160241509055759 ], [ -84.333604818734671, 41.205682489609195 ], [ -84.443265127130502, 41.206594883803156 ], [ -84.445813556324666, 41.251006827555152 ], [ -84.791587354811156, 41.253092950299369 ], [ -84.790980388083497, 41.28382081542734 ], [ -84.791894050362188, 41.4278731785746 ], [ -84.334133531778846, 41.425858169341303 ] ] ] } },
{ "type": "Feature", "properties": { "FIPSNO": 39153, "AREA": 1093150000.0, "PERIMETER": 150039.0, "RECORD_ID": 14, "COUNTYID": 77, "NAME": "Summit", "LMW68": 133, "POPMW68": 245796, "LMB68": 17, "POPMB68": 24891, "LM68": 150, "POPM68": 270687, "LFW68": 24, "POPFW68": 260815, "LFB68": 2, "POPFB68": 27414, "LF68": 26, "POPF68": 288229, "LMW78": 172, "POPMW78": 225144, "LMB78": 17, "POPMB78": 26892, "LM78": 189, "POPM78": 252036, "LFW78": 51, "POPFW78": 241453, "LFB78": 6, "POPFB78": 30480, "LF78": 57, "POPF78": 271933, "LMW88": 192, "POPMW88": 210930, "LMB88": 25, "POPMB88": 30889, "LM88": 217, "POPM88": 241819, "LFW88": 110, "POPFW88": 230857, "LFB88": 10, "POPFB88": 35704, "LF88": 120, "POPF88": 266561 }, "geometry": { "type": "Polygon", "coordinates": [ [ [ -81.638169103592489, 40.912591710429147 ], [ -81.638015593407246, 40.983037004532051 ], [ -81.679515315459497, 40.98433124393479 ], [ -81.675272794432914, 41.273781641510112 ], [ -81.556493458920258, 41.272165136548701 ], [ -81.548338162755385, 41.279230315054988 ], [ -81.586170179288317, 41.330297712409809 ], [ -81.585361121877355, 41.34804689262446 ], [ -81.37706246520689, 41.346305611789802 ], [ -81.381602247552152, 40.984261027309465 ], [ -81.405905094686219, 40.983097031400547 ], [ -81.412670753812591, 40.907043028448001 ], [ -81.638169103592489, 40.912591710429147 ] ] ] } },
{ "type": "Feature", "properties": { "FIPSNO": 39133, "AREA": 1267030000.0, "PERIMETER": 142833.0, "RECORD_ID": 15, "COUNTYID": 67, "NAME": "Portage", "LMW68": 11, "POPMW68": 59130, "LMB68": 1, "POPMB68": 1375, "LM68": 12, "POPM68": 60505, "LFW68": 2, "POPFW68": 60248, "LFB68": 0, "POPFB68": 1382, "LF68": 2, "POPF68": 61630, "LMW78": 24, "POPMW78": 64629, "LMB78": 0, "POPMB78": 2096, "LM78": 24, "POPM78": 66725, "LFW78": 9, "POPFW78": 65482, "LFB78": 0, "POPFB78": 2118, "LF78": 9, "POPF78": 67600, "LMW88": 37, "POPMW88": 66572, "LMB88": 1, "POPMB88": 2569, "LM88": 38, "POPM88": 69141, "LFW88": 17, "POPFW88": 66495, "LFB88": 0, "POPFB88": 2424, "LF88": 17, "POPF88": 68919 }, "geometry": { "type": "Polygon", "coordinates": [ [ [ -81.080680521220629, 40.98396354723122 ], [ -81.381602247552152, 40.984261027309465 ], [ -81.37706246520689, 41.346305611789802 ], [ -81.006526187879501, 41.343860473999392 ], [ -80.999654490848883, 41.131545251709866 ], [ -81.002793638081513, 40.985703315111884 ], [ -81.080680521220629, 40.98396354723122 ] ] ] } },
{ "type": "Feature", "properties": { "FIPSNO": 39077, "AREA": 1300970000.0, "PERIMETER": 148344.0, "RECORD_ID": 16, "COUNTYID": 39, "NAME": "Huron", "LMW68": 6, "POPMW68": 23208, "LMB68": 0, "POPMB68": 294, "LM68": 6, "POPM68": 23502, "LFW68": 5, "POPFW68": 24657, "LFB68": 0, "POPFB68": 327, "LF68": 5, "POPF68": 24984, "LMW78": 20, "POPMW78": 25998, "LMB78": 0, "POPMB78": 363, "LM78": 20, "POPM78": 26361, "LFW78": 9, "POPFW78": 27624, "LFB78": 0, "POPFB78": 351, "LF78": 9, "POPF78": 27975, "LMW88": 10, "POPMW88": 26488, "LMB88": 1, "POPMB88": 329, "LM88": 11, "POPM88": 26817, "LFW88": 5, "POPFW88": 28838, "LFB88": 0, "POPFB88": 321, "LF88": 5, "POPF88": 29159 }, "geometry": { "type": "Polygon", "coordinates": [ [ [ -82.719685849392036, 40.990980933550937 ], [ -82.828478087603585, 40.994620649947294 ], [ -82.835248895274219, 41.254286776598207 ], [ -82.833895946401185, 41.284842777086212 ], [ -82.336687802414474, 41.282774005495476 ], [ -82.330052813083043, 41.060812507894703 ], [ -82.427054967780322, 41.060732850803269 ], [ -82.427571866641415, 40.989384612678663 ], [ -82.719685849392036, 40.990980933550937 ] ] ] } },
{ "type": "Feature", "properties": { "FIPSNO": 39103, "AREA": 1108850000.0, "PERIMETER": 145462.0, "RECORD_ID": 17, "COUNTYID": 52, "NAME": "Medina", "LMW68": 11, "POPMW68": 39244, "LMB68": 1, "POPMB68": 375, "LM68": 12, "POPM68": 39619, "LFW68": 3, "POPFW68": 40284, "LFB68": 0, "POPFB68": 388, "LF68": 3, "POPF68": 40672, "LMW78": 22, "POPMW78": 53005, "LMB78": 0, "POPMB78": 520, "LM78": 22, "POPM78": 53525, "LFW78": 10, "POPFW78": 53648, "LFB78": 0, "POPFB78": 560, "LF78": 10, "POPF78": 54208, "LMW88": 31, "POPMW88": 57843, "LMB88": 0, "POPMB88": 746, "LM88": 31, "POPM88": 58589, "LFW88": 11, "POPFW88": 58264, "LFB88": 0, "POPFB88": 729, "LF88": 11, "POPF88": 58993 }, "geometry": { "type": "Polygon", "coordinates": [ [ [ -81.679515315459497, 40.98433124393479 ], [ -82.127737141015771, 40.98973561300074 ], [ -82.168037513905759, 40.991045794060689 ], [ -82.165796318206674, 41.058808179149572 ], [ -82.164771491916483, 41.135565255168913 ], [ -82.069581898907487, 41.13675871734128 ], [ -82.070434018558316, 41.197192899904444 ], [ -81.967145281792469, 41.197205918411107 ], [ -81.967015590241516, 41.272601454987353 ], [ -81.870504441773008, 41.274993081127334 ], [ -81.675272794432914, 41.273781641510112 ], [ -81.679515315459497, 40.98433124393479 ] ] ] } },
{ "type": "Feature", "properties": { "FIPSNO": 39147, "AREA": 1438360000.0, "PERIMETER": 156181.0, "RECORD_ID": 18, "COUNTYID": 74, "NAME": "Seneca", "LMW68": 12, "POPMW68": 28868, "LMB68": 0, "POPMB68": 551, "LM68": 12, "POPM68": 29419, "LFW68": 5, "POPFW68": 30820, "LFB68": 0, "POPFB68": 576, "LF68": 5, "POPF68": 31396, "LMW78": 18, "POPMW78": 29757, "LMB78": 1, "POPMB78": 664, "LM78": 19, "POPM78": 30421, "LFW78": 9, "POPFW78": 31519, "LFB78": 1, "POPFB78": 686, "LF78": 10, "POPF78": 32205, "LMW88": 30, "POPMW88": 29117, "LMB88": 0, "POPMB88": 695, "LM88": 30, "POPM88": 29812, "LFW88": 10, "POPFW88": 31114, "LFB88": 0, "POPFB88": 712, "LF88": 10, "POPF88": 31826 }, "geometry": { "type": "Polygon", "coordinates": [ [ [ -83.104760439091351, 40.987743741257496 ], [ -83.416872389389297, 40.986393510024968 ], [ -83.416521663359177, 41.164559573481071 ], [ -83.415030384173463, 41.248804864110191 ], [ -82.835248895274219, 41.254286776598207 ], [ -82.828478087603585, 40.994620649947294 ], [ -82.850651981218206, 40.989582739879644 ], [ -83.104760439091351, 40.987743741257496 ] ] ] } },
{ "type": "Feature", "properties": { "FIPSNO": 39125, "AREA": 1085350000.0, "PERIMETER": 135557.0, "RECORD_ID": 19, "COUNTYID": 63, "NAME": "Paulding", "LMW68": 5, "POPMW68": 9050, "LMB68": 0, "POPMB68": 186, "LM68": 5, "POPM68": 9236, "LFW68": 1, "POPFW68": 9368, "LFB68": 0, "POPFB68": 161, "LF68": 1, "POPF68": 9529, "LMW78": 11, "POPMW78": 10273, "LMB78": 0, "POPMB78": 140, "LM78": 11, "POPM78": 10413, "LFW78": 1, "POPFW78": 10442, "LFB78": 0, "POPFB78": 153, "LF78": 1, "POPF78": 10595, "LMW88": 5, "POPMW88": 10155, "LMB88": 0, "POPMB88": 149, "LM88": 5, "POPM88": 10304, "LFW88": 4, "POPFW88": 10516, "LFB88": 0, "POPFB88": 164, "LF88": 4, "POPF88": 10680 }, "geometry": { "type": "Polygon", "coordinates": [ [ [ -84.387504242636084, 40.986704748914377 ], [ -84.79052712808209, 40.988370159051044 ], [ -84.791587354811156, 41.253092950299369 ], [ -84.445813556324666, 41.251006827555152 ], [ -84.443265127130502, 41.206594883803156 ], [ -84.333604818734671, 41.205682489609195 ], [ -84.332263897603553, 41.160241509055759 ], [ -84.332510315219281, 40.985967862888955 ], [ -84.387504242636084, 40.986704748914377 ] ] ] } },
{ "type": "Feature", "properties": { "FIPSNO": 39063, "AREA": 1384350000.0, "PERIMETER": 154285.0, "RECORD_ID": 20, "COUNTYID": 32, "NAME": "Hancock", "LMW68": 11, "POPMW68": 28885, "LMB68": 0, "POPMB68": 169, "LM68": 11, "POPM68": 29054, "LFW68": 6, "POPFW68": 30913, "LFB68": 0, "POPFB68": 195, "LF68": 6, "POPF68": 31108, "LMW78": 16, "POPMW78": 31035, "LMB78": 0, "POPMB78": 390, "LM78": 16, "POPM78": 31425, "LFW78": 1, "POPFW78": 33082, "LFB78": 0, "POPFB78": 349, "LF78": 1, "POPF78": 33431, "LMW88": 16, "POPMW88": 31081, "LMB88": 0, "POPMB88": 585, "LM88": 16, "POPM88": 31666, "LFW88": 13, "POPFW88": 33291, "LFB88": 0, "POPFB88": 505, "LF88": 13, "POPF88": 33796 }, "geometry": { "type": "Polygon", "coordinates": [ [ [ -83.508225934347195, 40.812584460176531 ], [ -83.873308308115497, 40.81253080206708 ], [ -83.872849643085516, 40.915760212231994 ], [ -83.870787267998338, 41.16367326082127 ], [ -83.416521663359177, 41.164559573481071 ], [ -83.416872389389297, 40.986393510024968 ], [ -83.450357371507621, 40.985776287050413 ], [ -83.450684449818667, 40.946137995997681 ], [ -83.473197892373875, 40.945566930904675 ], [ -83.47517705542343, 40.904091544028461 ], [ -83.506844982125301, 40.903947537772439 ], [ -83.508225934347195, 40.812584460176531 ] ] ] } },
{ "type": "Feature", "properties": { "FIPSNO": 39137, "AREA": 1243920000.0, "PERIMETER": 154470.0, "RECORD_ID": 21, "COUNTYID": 69, "NAME": "Putnam", "LMW68": 4, "POPMW68": 15198, "LMB68": 0, "POPMB68": 23, "LM68": 4, "POPM68": 15221, "LFW68": 1, "POPFW68": 15218, "LFB68": 0, "POPFB68": 33, "LF68": 1, "POPF68": 15251, "LMW78": 6, "POPMW78": 16484, "LMB78": 0, "POPMB78": 30, "LM78": 6, "POPM78": 16514, "LFW78": 2, "POPFW78": 16669, "LFB78": 0, "POPFB78": 30, "LF78": 2, "POPF78": 16699, "LMW88": 8, "POPMW88": 16754, "LMB88": 0, "POPMB88": 16, "LM88": 8, "POPM88": 16770, "LFW88": 3, "POPFW88": 16878, "LFB88": 0, "POPFB88": 11, "LF88": 3, "POPF88": 16889 }, "geometry": { "type": "Polygon", "coordinates": [ [ [ -83.872849643085516, 40.915760212231994 ], [ -83.986053549275354, 40.914052925595932 ], [ -83.986759531453259, 40.901785621113682 ], [ -84.106219150743513, 40.901959476727278 ], [ -84.106193899744227, 40.85602695224982 ], [ -84.329607374287562, 40.854741681841304 ], [ -84.332062598255888, 40.905555863940513 ], [ -84.384996818403621, 40.904462870046139 ], [ -84.387504242636084, 40.986704748914377 ], [ -84.332510315219281, 40.985967862888955 ], [ -84.332263897603553, 41.160241509055759 ], [ -84.220973177229112, 41.160708932921239 ], [ -83.870787267998338, 41.16367326082127 ], [ -83.872849643085516, 40.915760212231994 ] ] ] } },
{ "type": "Feature", "properties": { "FIPSNO": 39099, "AREA": 1077280000.0, "PERIMETER": 151231.0, "RECORD_ID": 22, "COUNTYID": 50, "NAME": "Mahoning", "LMW68": 75, "POPMW68": 128417, "LMB68": 10, "POPMB68": 18508, "LM68": 85, "POPM68": 146925, "LFW68": 19, "POPFW68": 135716, "LFB68": 4, "POPFB68": 20344, "LF68": 23, "POPF68": 156060, "LMW78": 98, "POPMW78": 121009, "LMB78": 25, "POPMB78": 19232, "LM78": 123, "POPM78": 140241, "LFW78": 33, "POPFW78": 130134, "LFB78": 2, "POPFB78": 22120, "LF78": 35, "POPF78": 152254, "LMW88": 101, "POPMW88": 108650, "LMB88": 23, "POPMB88": 20598, "LM88": 124, "POPM88": 129248, "LFW88": 53, "POPFW88": 117032, "LFB88": 10, "POPFB88": 23631, "LF88": 63, "POPF88": 140663 }, "geometry": { "type": "Polygon", "coordinates": [ [ [ -80.520919320132251, 40.89723742255557 ], [ -80.812370249955919, 40.899070762250368 ], [ -80.813770373836405, 40.928980810176157 ], [ -80.894087417115756, 40.928722215401656 ], [ -80.893862218160479, 40.898724129050692 ], [ -81.078336224746536, 40.901448881806175 ], [ -81.080680521220629, 40.98396354723122 ], [ -81.002793638081513, 40.985703315111884 ], [ -80.999654490848883, 41.131545251709866 ], [ -80.522937781648722, 41.129656679948319 ], [ -80.520919320132251, 40.89723742255557 ] ] ] } },
{ "type": "Feature", "properties": { "FIPSNO": 39005, "AREA": 1073110000.0, "PERIMETER": 158902.0, "RECORD_ID": 23, "COUNTYID": 3, "NAME": "Ashland", "LMW68": 10, "POPMW68": 21056, "LMB68": 0, "POPMB68": 155, "LM68": 10, "POPM68": 21211, "LFW68": 5, "POPFW68": 22178, "LFB68": 0, "POPFB68": 115, "LF68": 5, "POPF68": 22293, "LMW78": 8, "POPMW78": 21722, "LMB78": 0, "POPMB78": 273, "LM78": 8, "POPM78": 21995, "LFW78": 5, "POPFW78": 23124, "LFB78": 0, "POPFB78": 204, "LF78": 5, "POPF78": 23328, "LMW88": 24, "POPMW88": 21909, "LMB88": 0, "POPMB88": 470, "LM88": 24, "POPM88": 22379, "LFW88": 6, "POPFW88": 23755, "LFB88": 0, "POPFB88": 374, "LF88": 6, "POPF88": 24129 }, "geometry": { "type": "Polygon", "coordinates": [ [ [ -82.217377947519054, 40.570028694517937 ], [ -82.331735562070605, 40.558857428037278 ], [ -82.332139517169182, 40.72550864294692 ], [ -82.380755086596039, 40.72592816386161 ], [ -82.383006265217816, 40.794003373358748 ], [ -82.405860903759518, 40.80814017511188 ], [ -82.411101754208048, 40.989137040574093 ], [ -82.427571866641415, 40.989384612678663 ], [ -82.427054967780322, 41.060732850803269 ], [ -82.330052813083043, 41.060812507894703 ], [ -82.165796318206674, 41.058808179149572 ], [ -82.168037513905759, 40.991045794060689 ], [ -82.127737141015771, 40.98973561300074 ], [ -82.123398980458688, 40.671516511822446 ], [ -82.218393164192676, 40.667580279581507 ], [ -82.217377947519054, 40.570028694517937 ] ] ] } },
{ "type": "Feature", "properties": { "FIPSNO": 39033, "AREA": 1013780000.0, "PERIMETER": 128117.0, "RECORD_ID": 24, "COUNTYID": 17, "NAME": "Crawford", "LMW68": 11, "POPMW68": 23382, "LMB68": 1, "POPMB68": 146, "LM68": 12, "POPM68": 23528, "LFW68": 2, "POPFW68": 24945, "LFB68": 0, "POPFB68": 177, "LF68": 2, "POPF68": 25122, "LMW78": 22, "POPMW78": 24697, "LMB78": 0, "POPMB78": 203, "LM78": 22, "POPM78": 24900, "LFW78": 8, "POPFW78": 26287, "LFB78": 0, "POPFB78": 220, "LF78": 8, "POPF78": 26507, "LMW88": 19, "POPMW88": 23402, "LMB88": 1, "POPMB88": 186, "LM88": 20, "POPM88": 23588, "LFW88": 11, "POPFW88": 24715, "LFB88": 0, "POPFB88": 237, "LF88": 11, "POPF88": 24952 }, "geometry": { "type": "Polygon", "coordinates": [ [ [ -82.857104324955657, 40.704472589763938 ], [ -83.105322749555882, 40.702372970574515 ], [ -83.104760439091351, 40.987743741257496 ], [ -82.850651981218206, 40.989582739879644 ], [ -82.828478087603585, 40.994620649947294 ], [ -82.719685849392036, 40.990980933550937 ], [ -82.725950303305964, 40.712634072154898 ], [ -82.857155224800252, 40.713119431251002 ], [ -82.857104324955657, 40.704472589763938 ] ] ] } },
{ "type": "Feature", "properties": { "FIPSNO": 39139, "AREA": 1285230000.0, "PERIMETER": 163992.0, "RECORD_ID": 25, "COUNTYID": 70, "NAME": "Richland", "LMW68": 27, "POPMW68": 59958, "LMB68": 2, "POPMB68": 4964, "LM68": 29, "POPM68": 64922, "LFW68": 6, "POPFW68": 62078, "LFB68": 1, "POPFB68": 4020, "LF68": 7, "POPF68": 66098, "LMW78": 35, "POPMW78": 59669, "LMB78": 3, "POPMB78": 4927, "LM78": 38, "POPM78": 64596, "LFW78": 13, "POPFW78": 61752, "LFB78": 1, "POPFB78": 4552, "LF78": 14, "POPF78": 66304, "LMW88": 40, "POPMW88": 57235, "LMB88": 2, "POPMB88": 5647, "LM88": 42, "POPM88": 62882, "LFW88": 22, "POPFW88": 59779, "LFB88": 3, "POPFB88": 4775, "LF88": 25, "POPF88": 64554 }, "geometry": { "type": "Polygon", "coordinates": [ [ [ -82.622127663206854, 40.5528922704233 ], [ -82.620771113802178, 40.635157233298131 ], [ -82.639715529706748, 40.637141795787727 ], [ -82.6394565506356, 40.667142842757613 ], [ -82.618207794716469, 40.667082340603855 ], [ -82.622723397245636, 40.712780485990315 ], [ -82.725950303305964, 40.712634072154898 ], [ -82.719685849392036, 40.990980933550937 ], [ -82.427571866641415, 40.989384612678663 ], [ -82.411101754208048, 40.989137040574093 ], [ -82.405860903759518, 40.80814017511188 ], [ -82.383006265217816, 40.794003373358748 ], [ -82.380755086596039, 40.72592816386161 ], [ -82.332139517169182, 40.72550864294692 ], [ -82.331735562070605, 40.558857428037278 ], [ -82.389338687051563, 40.550791968378839 ], [ -82.622127663206854, 40.5528922704233 ] ] ] } },
{ "type": "Feature", "properties": { "FIPSNO": 39169, "AREA": 1444410000.0, "PERIMETER": 152330.0, "RECORD_ID": 26, "COUNTYID": 85, "NAME": "Wayne", "LMW68": 12, "POPMW68": 41197, "LMB68": 0, "POPMB68": 766, "LM68": 12, "POPM68": 41963, "LFW68": 4, "POPFW68": 42860, "LFB68": 0, "POPFB68": 740, "LF68": 4, "POPF68": 43600, "LMW78": 18, "POPMW78": 46344, "LMB78": 0, "POPMB78": 778, "LM78": 18, "POPM78": 47122, "LFW78": 6, "POPFW78": 47583, "LFB78": 0, "POPFB78": 806, "LF78": 6, "POPF78": 48389, "LMW88": 20, "POPMW88": 49625, "LMB88": 0, "POPMB88": 809, "LM88": 20, "POPM88": 50434, "LFW88": 12, "POPFW88": 50740, "LFB88": 0, "POPFB88": 853, "LF88": 12, "POPF88": 51593 }, "geometry": { "type": "Polygon", "coordinates": [ [ [ -81.642055256019475, 40.666818678516499 ], [ -82.123398980458688, 40.671516511822446 ], [ -82.127737141015771, 40.98973561300074 ], [ -81.679515315459497, 40.98433124393479 ], [ -81.638015593407246, 40.983037004532051 ], [ -81.638169103592489, 40.912591710429147 ], [ -81.642055256019475, 40.666818678516499 ] ] ] } },
{ "type": "Feature", "properties": { "FIPSNO": 39161, "AREA": 1053760000.0, "PERIMETER": 144254.0, "RECORD_ID": 27, "COUNTYID": 81, "NAME": "Van Wert", "LMW68": 7, "POPMW68": 14079, "LMB68": 0, "POPMB68": 78, "LM68": 7, "POPM68": 14157, "LFW68": 0, "POPFW68": 15185, "LFB68": 0, "POPFB68": 75, "LF68": 0, "POPF68": 15260, "LMW78": 6, "POPMW78": 14757, "LMB78": 0, "POPMB78": 104, "LM78": 6, "POPM78": 14861, "LFW78": 3, "POPFW78": 15538, "LFB78": 0, "POPFB78": 90, "LF78": 3, "POPF78": 15628, "LMW88": 6, "POPMW88": 14475, "LMB88": 0, "POPMB88": 88, "LM88": 6, "POPM88": 14563, "LFW88": 4, "POPFW88": 14905, "LFB88": 0, "POPFB88": 98, "LF88": 4, "POPF88": 15003 }, "geometry": { "type": "Polygon", "coordinates": [ [ [ -84.329607374287562, 40.854741681841304 ], [ -84.332386873101711, 40.814133119882399 ], [ -84.388545991014624, 40.815647770047853 ], [ -84.389377146105431, 40.686383243906086 ], [ -84.445252422610366, 40.686078387693129 ], [ -84.446862620186252, 40.72736891969722 ], [ -84.793059046385892, 40.728835613057441 ], [ -84.791023745576709, 40.937742871069915 ], [ -84.79052712808209, 40.988370159051044 ], [ -84.387504242636084, 40.986704748914377 ], [ -84.384996818403621, 40.904462870046139 ], [ -84.332062598255888, 40.905555863940513 ], [ -84.329607374287562, 40.854741681841304 ] ] ] } },
{ "type": "Feature", "properties": { "FIPSNO": 39175, "AREA": 1041420000.0, "PERIMETER": 134025.0, "RECORD_ID": 28, "COUNTYID": 88, "NAME": "Wyandot", "LMW68": 3, "POPMW68": 10145, "LMB68": 0, "POPMB68": 13, "LM68": 3, "POPM68": 10158, "LFW68": 2, "POPFW68": 10860, "LFB68": 0, "POPFB68": 20, "LF68": 2, "POPF68": 10880, "LMW78": 12, "POPMW78": 11002, "LMB78": 0, "POPMB78": 31, "LM78": 12, "POPM78": 11033, "LFW78": 4, "POPFW78": 11717, "LFB78": 0, "POPFB78": 35, "LF78": 4, "POPF78": 11752, "LMW88": 11, "POPMW88": 10616, "LMB88": 0, "POPMB88": 27, "LM88": 11, "POPM88": 10643, "LFW88": 5, "POPFW88": 11474, "LFB88": 0, "POPFB88": 30, "LF88": 5, "POPF88": 11504 }, "geometry": { "type": "Polygon", "coordinates": [ [ [ -83.105322749555882, 40.702372970574515 ], [ -83.29776921377271, 40.70149360429248 ], [ -83.298246754691036, 40.685090223694232 ], [ -83.417268855403464, 40.685000235303349 ], [ -83.433716009403909, 40.685645332866613 ], [ -83.434809417932584, 40.698773198169192 ], [ -83.485907330583586, 40.69957512021162 ], [ -83.488102131830104, 40.812119718962627 ], [ -83.508225934347195, 40.812584460176531 ], [ -83.506844982125301, 40.903947537772439 ], [ -83.47517705542343, 40.904091544028461 ], [ -83.473197892373875, 40.945566930904675 ], [ -83.450684449818667, 40.946137995997681 ], [ -83.450357371507621, 40.985776287050413 ], [ -83.416872389389297, 40.986393510024968 ], [ -83.104760439091351, 40.987743741257496 ], [ -83.105322749555882, 40.702372970574515 ] ] ] } },
{ "type": "Feature", "properties": { "FIPSNO": 39151, "AREA": 1499940000.0, "PERIMETER": 171954.0, "RECORD_ID": 29, "COUNTYID": 76, "NAME": "Stark", "LMW68": 94, "POPMW68": 168201, "LMB68": 8, "POPMB68": 10431, "LM68": 102, "POPM68": 178632, "LFW68": 12, "POPFW68": 179379, "LFB68": 0, "POPFB68": 11330, "LF68": 12, "POPF68": 190709, "LMW78": 112, "POPMW78": 170702, "LMB78": 11, "POPMB78": 11737, "LM78": 123, "POPM78": 182439, "LFW78": 32, "POPFW78": 182742, "LFB78": 2, "POPFB78": 13135, "LF78": 34, "POPF78": 195877, "LMW88": 133, "POPMW88": 162930, "LMB88": 24, "POPMB88": 13429, "LM88": 157, "POPM88": 176359, "LFW88": 64, "POPFW88": 176251, "LFB88": 3, "POPFB88": 15716, "LF88": 67, "POPF88": 191967 }, "geometry": { "type": "Polygon", "coordinates": [ [ [ -81.314707107723734, 40.647184524457963 ], [ -81.436136182903667, 40.650213079018847 ], [ -81.437369420209308, 40.661559424513001 ], [ -81.456769542176048, 40.661394223859119 ], [ -81.472613679841047, 40.651871293777724 ], [ -81.641866543669593, 40.632316401564232 ], [ -81.642055256019475, 40.666818678516499 ], [ -81.638169103592489, 40.912591710429147 ], [ -81.412670753812591, 40.907043028448001 ], [ -81.405905094686219, 40.983097031400547 ], [ -81.381602247552152, 40.984261027309465 ], [ -81.080680521220629, 40.98396354723122 ], [ -81.078336224746536, 40.901448881806175 ], [ -81.083386129885426, 40.724697969286723 ], [ -81.198066902529632, 40.724107726100165 ], [ -81.197011495095012, 40.715551295638313 ], [ -81.231594814603397, 40.715487093757332 ], [ -81.23645304531891, 40.646290218326982 ], [ -81.314707107723734, 40.647184524457963 ] ] ] } },
{ "type": "Feature", "properties": { "FIPSNO": 39029, "AREA": 1364990000.0, "PERIMETER": 167444.0, "RECORD_ID": 30, "COUNTYID": 15, "NAME": "Columbiana", "LMW68": 36, "POPMW68": 50848, "LMB68": 0, "POPMB68": 829, "LM68": 36, "POPM68": 51677, "LFW68": 8, "POPFW68": 54142, "LFB68": 1, "POPFB68": 904, "LF68": 9, "POPF68": 55046, "LMW78": 33, "POPMW78": 54812, "LMB78": 2, "POPMB78": 832, "LM78": 35, "POPM78": 55644, "LFW78": 13, "POPFW78": 58030, "LFB78": 0, "POPFB78": 937, "LF78": 13, "POPF78": 58967, "LMW88": 45, "POPMW88": 50955, "LMB88": 0, "POPMB88": 831, "LM88": 45, "POPM88": 51786, "LFW88": 15, "POPFW88": 54466, "LFB88": 0, "POPFB88": 965, "LF88": 15, "POPF88": 55431 }, "geometry": { "type": "Polygon", "coordinates": [ [ [ -80.85523360861157, 40.596622739829051 ], [ -80.852978211508244, 40.638871319477509 ], [ -80.913098743924706, 40.641364585567771 ], [ -80.911594732397759, 40.723523107373651 ], [ -81.083386129885426, 40.724697969286723 ], [ -81.078336224746536, 40.901448881806175 ], [ -80.893862218160479, 40.898724129050692 ], [ -80.894087417115756, 40.928722215401656 ], [ -80.813770373836405, 40.928980810176157 ], [ -80.812370249955919, 40.899070762250368 ], [ -80.520919320132251, 40.89723742255557 ], [ -80.520304256776271, 40.85417477138278 ], [ -80.52200291419571, 40.637164875924491 ], [ -80.574418678625108, 40.616019114077915 ], [ -80.611552037186073, 40.620023760499649 ], [ -80.637334585721604, 40.613981607226599 ], [ -80.667731858840298, 40.582181743602575 ], [ -80.739577644769426, 40.584167830055662 ], [ -80.738883599730258, 40.595517435757898 ], [ -80.85523360861157, 40.596622739829051 ] ] ] } },
{ "type": "Feature", "properties": { "FIPSNO": 39003, "AREA": 1034220000.0, "PERIMETER": 146823.0, "RECORD_ID": 31, "COUNTYID": 2, "NAME": "Allen", "LMW68": 25, "POPMW68": 49585, "LMB68": 2, "POPMB68": 4683, "LM68": 27, "POPM68": 54268, "LFW68": 5, "POPFW68": 52201, "LFB68": 0, "POPFB68": 4559, "LF68": 5, "POPF68": 56760, "LMW78": 30, "POPMW78": 47990, "LMB78": 3, "POPMB78": 5262, "LM78": 33, "POPM78": 53252, "LFW78": 8, "POPFW78": 51144, "LFB78": 1, "POPFB78": 5505, "LF78": 9, "POPF78": 56649, "LMW88": 34, "POPMW88": 48001, "LMB88": 5, "POPMB88": 6316, "LM88": 39, "POPM88": 54317, "LFW88": 19, "POPFW88": 50547, "LFB88": 0, "POPFB88": 7004, "LF88": 19, "POPF88": 57551 }, "geometry": { "type": "Polygon", "coordinates": [ [ [ -83.878597528977082, 40.641266635874047 ], [ -84.102868690393038, 40.643919672574505 ], [ -84.102798131533604, 40.656170775572555 ], [ -84.21390256666632, 40.655830836055181 ], [ -84.214867499043706, 40.685255525596439 ], [ -84.389377146105431, 40.686383243906086 ], [ -84.388545991014624, 40.815647770047853 ], [ -84.332386873101711, 40.814133119882399 ], [ -84.329607374287562, 40.854741681841304 ], [ -84.106193899744227, 40.85602695224982 ], [ -84.106219150743513, 40.901959476727278 ], [ -83.986759531453259, 40.901785621113682 ], [ -83.986053549275354, 40.914052925595932 ], [ -83.872849643085516, 40.915760212231994 ], [ -83.873308308115497, 40.81253080206708 ], [ -83.878597528977082, 40.641266635874047 ] ] ] } },
{ "type": "Feature", "properties": { "FIPSNO": 39065, "AREA": 1212000000.0, "PERIMETER": 144235.0, "RECORD_ID": 32, "COUNTYID": 33, "NAME": "Hardin", "LMW68": 7, "POPMW68": 15202, "LMB68": 0, "POPMB68": 123, "LM68": 7, "POPM68": 15325, "LFW68": 0, "POPFW68": 15335, "LFB68": 0, "POPFB68": 134, "LF68": 0, "POPF68": 15469, "LMW78": 8, "POPMW78": 15928, "LMB78": 0, "POPMB78": 147, "LM78": 8, "POPM78": 16075, "LFW78": 5, "POPFW78": 16369, "LFB78": 0, "POPFB78": 147, "LF78": 5, "POPF78": 16516, "LMW88": 15, "POPMW88": 15285, "LMB88": 0, "POPMB88": 142, "LM88": 15, "POPM88": 15427, "LFW88": 6, "POPFW88": 16241, "LFB88": 0, "POPFB88": 153, "LF88": 6, "POPF88": 16394 }, "geometry": { "type": "Polygon", "coordinates": [ [ [ -83.421275581024332, 40.499899507014824 ], [ -83.514967897527939, 40.497717211246055 ], [ -83.516535561436356, 40.509032694061389 ], [ -83.87758058005916, 40.528612853471031 ], [ -83.878597528977082, 40.641266635874047 ], [ -83.873308308115497, 40.81253080206708 ], [ -83.508225934347195, 40.812584460176531 ], [ -83.488102131830104, 40.812119718962627 ], [ -83.485907330583586, 40.69957512021162 ], [ -83.434809417932584, 40.698773198169192 ], [ -83.433716009403909, 40.685645332866613 ], [ -83.417268855403464, 40.685000235303349 ], [ -83.414782466614867, 40.523815876194668 ], [ -83.421275581024332, 40.499899507014824 ] ] ] } },
{ "type": "Feature", "properties": { "FIPSNO": 39107, "AREA": 1240100000.0, "PERIMETER": 144290.0, "RECORD_ID": 33, "COUNTYID": 54, "NAME": "Mercer", "LMW68": 3, "POPMW68": 17418, "LMB68": 0, "POPMB68": 23, "LM68": 3, "POPM68": 17441, "LFW68": 0, "POPFW68": 18074, "LFB68": 0, "POPFB68": 15, "LF68": 0, "POPF68": 18089, "LMW78": 11, "POPMW78": 18843, "LMB78": 0, "POPMB78": 40, "LM78": 11, "POPM78": 18883, "LFW78": 3, "POPFW78": 19383, "LFB78": 0, "POPFB78": 53, "LF78": 3, "POPF78": 19436, "LMW88": 9, "POPMW88": 19098, "LMB88": 0, "POPMB88": 63, "LM88": 9, "POPM88": 19161, "LFW88": 3, "POPFW88": 19684, "LFB88": 0, "POPFB88": 70, "LF88": 3, "POPF88": 19754 }, "geometry": { "type": "Polygon", "coordinates": [ [ [ -84.445252422610366, 40.686078387693129 ], [ -84.440242772263687, 40.367580406634538 ], [ -84.426708316714468, 40.352851577403882 ], [ -84.794552871605262, 40.353061521168705 ], [ -84.793245953695077, 40.588699695399484 ], [ -84.793059046385892, 40.728835613057441 ], [ -84.446862620186252, 40.72736891969722 ], [ -84.445252422610366, 40.686078387693129 ] ] ] } },
{ "type": "Feature", "properties": { "FIPSNO": 39019, "AREA": 1032250000.0, "PERIMETER": 144109.0, "RECORD_ID": 34, "COUNTYID": 10, "NAME": "Carroll", "LMW68": 2, "POPMW68": 10305, "LMB68": 0, "POPMB68": 89, "LM68": 2, "POPM68": 10394, "LFW68": 1, "POPFW68": 10489, "LFB68": 0, "POPFB68": 78, "LF68": 1, "POPF68": 10567, "LMW78": 6, "POPMW78": 12669, "LMB78": 0, "POPMB78": 85, "LM78": 6, "POPM78": 12754, "LFW78": 3, "POPFW78": 12863, "LFB78": 0, "POPFB78": 102, "LF78": 3, "POPF78": 12965, "LMW88": 6, "POPMW88": 13021, "LMB88": 0, "POPMB88": 120, "LM88": 6, "POPM88": 13141, "LFW88": 4, "POPFW88": 13449, "LFB88": 0, "POPFB88": 120, "LF88": 4, "POPF88": 13569 }, "geometry": { "type": "Polygon", "coordinates": [ [ [ -80.940046699358206, 40.421382617819091 ], [ -81.268121136366119, 40.431627946411432 ], [ -81.261783179347077, 40.563444302602143 ], [ -81.318081319388909, 40.563122838731864 ], [ -81.314707107723734, 40.647184524457963 ], [ -81.23645304531891, 40.646290218326982 ], [ -81.231594814603397, 40.715487093757332 ], [ -81.197011495095012, 40.715551295638313 ], [ -81.198066902529632, 40.724107726100165 ], [ -81.083386129885426, 40.724697969286723 ], [ -80.911594732397759, 40.723523107373651 ], [ -80.913098743924706, 40.641364585567771 ], [ -80.852978211508244, 40.638871319477509 ], [ -80.85523360861157, 40.596622739829051 ], [ -80.853791939615832, 40.553107934914422 ], [ -80.916164937781176, 40.553710566198447 ], [ -80.922936743374663, 40.467679292391047 ], [ -80.937515252147534, 40.469129543786792 ], [ -80.940046699358206, 40.421382617819091 ] ] ] } },
{ "type": "Feature", "properties": { "FIPSNO": 39117, "AREA": 1066040000.0, "PERIMETER": 151388.0, "RECORD_ID": 35, "COUNTYID": 59, "NAME": "Morrow", "LMW68": 2, "POPMW68": 9747, "LMB68": 0, "POPMB68": 6, "LM68": 2, "POPM68": 9753, "LFW68": 2, "POPFW68": 9858, "LFB68": 0, "POPFB68": 5, "LF68": 2, "POPF68": 9863, "LMW78": 7, "POPMW78": 13250, "LMB78": 0, "POPMB78": 33, "LM78": 7, "POPM78": 13283, "LFW78": 1, "POPFW78": 13343, "LFB78": 0, "POPFB78": 48, "LF78": 1, "POPF78": 13391, "LMW88": 8, "POPMW88": 13777, "LMB88": 0, "POPMB88": 43, "LM88": 8, "POPM88": 13820, "LFW88": 2, "POPFW88": 13597, "LFB88": 0, "POPFB88": 61, "LF88": 2, "POPF88": 13658 }, "geometry": { "type": "Polygon", "coordinates": [ [ [ -82.737867689779094, 40.347437985740498 ], [ -82.924743335891833, 40.357720647661168 ], [ -82.920379646839677, 40.419680745785847 ], [ -83.019595212249683, 40.419971420093269 ], [ -83.01996857099418, 40.44032349700899 ], [ -83.013899623687166, 40.487001766480823 ], [ -82.956487380514105, 40.496275839230719 ], [ -82.955905997751316, 40.646630734681736 ], [ -82.855620421480182, 40.644593066850938 ], [ -82.857104324955657, 40.704472589763938 ], [ -82.857155224800252, 40.713119431251002 ], [ -82.725950303305964, 40.712634072154898 ], [ -82.622723397245636, 40.712780485990315 ], [ -82.618207794716469, 40.667082340603855 ], [ -82.6394565506356, 40.667142842757613 ], [ -82.639715529706748, 40.637141795787727 ], [ -82.620771113802178, 40.635157233298131 ], [ -82.622127663206854, 40.5528922704233 ], [ -82.641316647032355, 40.550369100718719 ], [ -82.642638631836377, 40.526658268702533 ], [ -82.63002975302004, 40.528098047430142 ], [ -82.640900407011443, 40.34326930420967 ], [ -82.737867689779094, 40.347437985740498 ] ] ] } },
{ "type": "Feature", "properties": { "FIPSNO": 39101, "AREA": 1036070000.0, "PERIMETER": 152145.0, "RECORD_ID": 36, "COUNTYID": 51, "NAME": "Marion", "LMW68": 19, "POPMW68": 30029, "LMB68": 2, "POPMB68": 1092, "LM68": 21, "POPM68": 31121, "LFW68": 5, "POPFW68": 30936, "LFB68": 0, "POPFB68": 651, "LF68": 5, "POPF68": 31587, "LMW78": 27, "POPMW78": 31633, "LMB78": 1, "POPMB78": 1547, "LM78": 28, "POPM78": 33180, "LFW78": 13, "POPFW78": 32746, "LFB78": 0, "POPFB78": 868, "LF78": 13, "POPF78": 33614, "LMW88": 42, "POPMW88": 30724, "LMB88": 2, "POPMB88": 1422, "LM88": 44, "POPM88": 32146, "LFW88": 11, "POPFW88": 31784, "LFB88": 0, "POPFB88": 739, "LF88": 11, "POPF88": 32523 }, "geometry": { "type": "Polygon", "coordinates": [ [ [ -83.246139603377955, 40.446147427601197 ], [ -83.245236001786452, 40.502554824539658 ], [ -83.421275581024332, 40.499899507014824 ], [ -83.414782466614867, 40.523815876194668 ], [ -83.417268855403464, 40.685000235303349 ], [ -83.298246754691036, 40.685090223694232 ], [ -83.29776921377271, 40.70149360429248 ], [ -83.105322749555882, 40.702372970574515 ], [ -82.857104324955657, 40.704472589763938 ], [ -82.855620421480182, 40.644593066850938 ], [ -82.955905997751316, 40.646630734681736 ], [ -82.956487380514105, 40.496275839230719 ], [ -83.013899623687166, 40.487001766480823 ], [ -83.01996857099418, 40.44032349700899 ], [ -83.246139603377955, 40.446147427601197 ] ] ] } },
{ "type": "Feature", "properties": { "FIPSNO": 39011, "AREA": 1031680000.0, "PERIMETER": 167744.0, "RECORD_ID": 37, "COUNTYID": 6, "NAME": "Auglaize", "LMW68": 5, "POPMW68": 18368, "LMB68": 0, "POPMB68": 32, "LM68": 5, "POPM68": 18400, "LFW68": 2, "POPFW68": 19461, "LFB68": 0, "POPFB68": 32, "LF68": 2, "POPF68": 19493, "LMW78": 10, "POPMW78": 20529, "LMB78": 0, "POPMB78": 49, "LM78": 10, "POPM78": 20578, "LFW78": 1, "POPFW78": 21407, "LFB78": 0, "POPFB78": 69, "LF78": 1, "POPF78": 21476, "LMW88": 16, "POPMW88": 21529, "LMB88": 0, "POPMB88": 67, "LM88": 16, "POPM88": 21596, "LFW88": 6, "POPFW88": 22496, "LFB88": 0, "POPFB88": 102, "LF88": 6, "POPF88": 22598 }, "geometry": { "type": "Polygon", "coordinates": [ [ [ -83.87758058005916, 40.528612853471031 ], [ -83.987372641795986, 40.529426936651966 ], [ -83.989670304238942, 40.48153987714813 ], [ -84.002857355324977, 40.479936716996491 ], [ -84.329366557575639, 40.479540067263471 ], [ -84.331778481803653, 40.378505489469674 ], [ -84.425425791249651, 40.377027343937847 ], [ -84.426708316714468, 40.352851577403882 ], [ -84.440242772263687, 40.367580406634538 ], [ -84.445252422610366, 40.686078387693129 ], [ -84.389377146105431, 40.686383243906086 ], [ -84.214867499043706, 40.685255525596439 ], [ -84.21390256666632, 40.655830836055181 ], [ -84.102798131533604, 40.656170775572555 ], [ -84.102868690393038, 40.643919672574505 ], [ -83.878597528977082, 40.641266635874047 ], [ -83.87758058005916, 40.528612853471031 ] ] ] } },
{ "type": "Feature", "properties": { "FIPSNO": 39075, "AREA": 1120610000.0, "PERIMETER": 145811.0, "RECORD_ID": 38, "COUNTYID": 38, "NAME": "Holmes", "LMW68": 2, "POPMW68": 10734, "LMB68": 0, "POPMB68": 10, "LM68": 2, "POPM68": 10744, "LFW68": 1, "POPFW68": 11212, "LFB68": 0, "POPFB68": 18, "LF68": 1, "POPF68": 11230, "LMW78": 4, "POPMW78": 14411, "LMB78": 0, "POPMB78": 32, "LM78": 4, "POPM78": 14443, "LFW78": 1, "POPFW78": 14981, "LFB78": 0, "POPFB78": 38, "LF78": 1, "POPF78": 15019, "LMW88": 4, "POPMW88": 14792, "LMB88": 0, "POPMB88": 16, "LM88": 4, "POPM88": 14808, "LFW88": 4, "POPFW88": 15510, "LFB88": 0, "POPFB88": 29, "LF88": 4, "POPF88": 15539 }, "geometry": { "type": "Polygon", "coordinates": [ [ [ -82.177634979252545, 40.453868112700142 ], [ -82.175243551214493, 40.574338777843337 ], [ -82.217377947519054, 40.570028694517937 ], [ -82.218393164192676, 40.667580279581507 ], [ -82.123398980458688, 40.671516511822446 ], [ -81.642055256019475, 40.666818678516499 ], [ -81.641866543669593, 40.632316401564232 ], [ -81.654992500853226, 40.628729296654726 ], [ -81.662928850042107, 40.443281448517581 ], [ -81.704018155122384, 40.442858331763482 ], [ -82.177634979252545, 40.453868112700142 ] ] ] } },
{ "type": "Feature", "properties": { "FIPSNO": 39157, "AREA": 1488060000.0, "PERIMETER": 171020.0, "RECORD_ID": 39, "COUNTYID": 79, "NAME": "Tuscarawas", "LMW68": 26, "POPMW68": 36428, "LMB68": 0, "POPMB68": 376, "LM68": 26, "POPM68": 36804, "LFW68": 2, "POPFW68": 38576, "LFB68": 0, "POPFB68": 392, "LF68": 2, "POPF68": 38968, "LMW78": 23, "POPMW78": 39764, "LMB78": 1, "POPMB78": 431, "LM78": 24, "POPM78": 40195, "LFW78": 6, "POPFW78": 42682, "LFB78": 0, "POPFB78": 461, "LF78": 6, "POPF78": 43143, "LMW88": 32, "POPMW88": 39631, "LMB88": 1, "POPMB88": 483, "LM88": 33, "POPM88": 40114, "LFW88": 17, "POPFW88": 43256, "LFB88": 1, "POPFB88": 507, "LF88": 18, "POPF88": 43763 }, "geometry": { "type": "Polygon", "coordinates": [ [ [ -81.613938601928695, 40.212465881236497 ], [ -81.607351168932894, 40.360252693047386 ], [ -81.709510765372357, 40.361833275106946 ], [ -81.704018155122384, 40.442858331763482 ], [ -81.662928850042107, 40.443281448517581 ], [ -81.654992500853226, 40.628729296654726 ], [ -81.641866543669593, 40.632316401564232 ], [ -81.472613679841047, 40.651871293777724 ], [ -81.456769542176048, 40.661394223859119 ], [ -81.437369420209308, 40.661559424513001 ], [ -81.436136182903667, 40.650213079018847 ], [ -81.314707107723734, 40.647184524457963 ], [ -81.318081319388909, 40.563122838731864 ], [ -81.261783179347077, 40.563444302602143 ], [ -81.268121136366119, 40.431627946411432 ], [ -81.268398453108901, 40.299552195085511 ], [ -81.322076551829412, 40.29923503215236 ], [ -81.329272101708682, 40.208310112460062 ], [ -81.613938601928695, 40.212465881236497 ] ] ] } },
{ "type": "Feature", "properties": { "FIPSNO": 39081, "AREA": 1032610000.0, "PERIMETER": 147484.0, "RECORD_ID": 40, "COUNTYID": 41, "NAME": "Jefferson", "LMW68": 20, "POPMW68": 43786, "LMB68": 4, "POPMB68": 2603, "LM68": 24, "POPM68": 46389, "LFW68": 10, "POPFW68": 45855, "LFB68": 1, "POPFB68": 2888, "LF68": 11, "POPF68": 48743, "LMW78": 51, "POPMW78": 42055, "LMB78": 1, "POPMB78": 2577, "LM78": 52, "POPM78": 44632, "LFW78": 8, "POPFW78": 45041, "LFB78": 0, "POPFB78": 2787, "LF78": 8, "POPF78": 47828, "LMW88": 50, "POPMW88": 35719, "LMB88": 2, "POPMB88": 2676, "LM88": 52, "POPM88": 38395, "LFW88": 21, "POPFW88": 40090, "LFB88": 4, "POPFB88": 2543, "LF88": 25, "POPF88": 42633 }, "geometry": { "type": "Polygon", "coordinates": [ [ [ -80.702069851055327, 40.154067739765743 ], [ -80.877795534567966, 40.153125193185822 ], [ -80.858951702285395, 40.418609383920817 ], [ -80.940046699358206, 40.421382617819091 ], [ -80.937515252147534, 40.469129543786792 ], [ -80.922936743374663, 40.467679292391047 ], [ -80.916164937781176, 40.553710566198447 ], [ -80.853791939615832, 40.553107934914422 ], [ -80.85523360861157, 40.596622739829051 ], [ -80.738883599730258, 40.595517435757898 ], [ -80.739577644769426, 40.584167830055662 ], [ -80.667731858840298, 40.582181743602575 ], [ -80.668615611519769, 40.568310605621633 ], [ -80.633439898279576, 40.539195661630458 ], [ -80.625249219040001, 40.504484899967551 ], [ -80.601833226433115, 40.480532746821325 ], [ -80.627854279686346, 40.398186319036917 ], [ -80.629249989317515, 40.388641094881429 ], [ -80.609250293751955, 40.373259648023428 ], [ -80.604517903449548, 40.306214835222114 ], [ -80.614689239707388, 40.276518420450969 ], [ -80.650112852109856, 40.245638732472443 ], [ -80.678561936397131, 40.194187271373799 ], [ -80.700892352833876, 40.168209667248277 ], [ -80.702069851055327, 40.154067739765743 ] ] ] } },
{ "type": "Feature", "properties": { "FIPSNO": 39083, "AREA": 1401360000.0, "PERIMETER": 167873.0, "RECORD_ID": 41, "COUNTYID": 42, "NAME": "Knox", "LMW68": 9, "POPMW68": 20200, "LMB68": 0, "POPMB68": 191, "LM68": 9, "POPM68": 20391, "LFW68": 3, "POPFW68": 21087, "LFB68": 0, "POPFB68": 224, "LF68": 3, "POPF68": 21311, "LMW78": 11, "POPMW78": 22392, "LMB78": 0, "POPMB78": 211, "LM78": 11, "POPM78": 22603, "LFW78": 3, "POPFW78": 23407, "LFB78": 0, "POPFB78": 218, "LF78": 3, "POPF78": 23625, "LMW88": 23, "POPMW88": 23026, "LMB88": 0, "POPMB88": 225, "LM88": 23, "POPM88": 23251, "LFW88": 14, "POPFW88": 24147, "LFB88": 0, "POPFB88": 240, "LF88": 14, "POPF88": 24387 }, "geometry": { "type": "Polygon", "coordinates": [ [ [ -82.742751727687789, 40.274124314988036 ], [ -82.737867689779094, 40.347437985740498 ], [ -82.640900407011443, 40.34326930420967 ], [ -82.63002975302004, 40.528098047430142 ], [ -82.642638631836377, 40.526658268702533 ], [ -82.641316647032355, 40.550369100718719 ], [ -82.622127663206854, 40.5528922704233 ], [ -82.389338687051563, 40.550791968378839 ], [ -82.331735562070605, 40.558857428037278 ], [ -82.217377947519054, 40.570028694517937 ], [ -82.175243551214493, 40.574338777843337 ], [ -82.177634979252545, 40.453868112700142 ], [ -82.191403769244658, 40.231386151842329 ], [ -82.476134548235379, 40.241347606536557 ], [ -82.473945495606003, 40.261825742260704 ], [ -82.742751727687789, 40.274124314988036 ] ] ] } },
{ "type": "Feature", "properties": { "FIPSNO": 39091, "AREA": 1222810000.0, "PERIMETER": 142836.0, "RECORD_ID": 42, "COUNTYID": 46, "NAME": "Logan", "LMW68": 11, "POPMW68": 16301, "LMB68": 0, "POPMB68": 305, "LM68": 11, "POPM68": 16606, "LFW68": 6, "POPFW68": 17231, "LFB68": 0, "POPFB68": 358, "LF68": 6, "POPF68": 17589, "LMW78": 14, "POPMW78": 18536, "LMB78": 0, "POPMB78": 395, "LM78": 14, "POPM78": 18931, "LFW78": 3, "POPFW78": 19483, "LFB78": 0, "POPFB78": 393, "LF78": 3, "POPF78": 19876, "LMW88": 19, "POPMW88": 19254, "LMB88": 0, "POPMB88": 416, "LM88": 19, "POPM88": 19670, "LFW88": 6, "POPFW88": 20690, "LFB88": 0, "POPFB88": 435, "LF88": 6, "POPF88": 21125 }, "geometry": { "type": "Polygon", "coordinates": [ [ [ -83.544672643679391, 40.226832874173695 ], [ -83.78001797072362, 40.240331801767752 ], [ -83.779841147629867, 40.258981876389875 ], [ -84.00917993193525, 40.270985248096757 ], [ -84.002857355324977, 40.479936716996491 ], [ -83.989670304238942, 40.48153987714813 ], [ -83.987372641795986, 40.529426936651966 ], [ -83.87758058005916, 40.528612853471031 ], [ -83.516535561436356, 40.509032694061389 ], [ -83.514967897527939, 40.497717211246055 ], [ -83.544672643679391, 40.226832874173695 ] ] ] } },
{ "type": "Feature", "properties": { "FIPSNO": 39159, "AREA": 1100100000.0, "PERIMETER": 148178.0, "RECORD_ID": 43, "COUNTYID": 80, "NAME": "Union", "LMW68": 8, "POPMW68": 10477, "LMB68": 0, "POPMB68": 136, "LM68": 8, "POPM68": 10613, "LFW68": 0, "POPFW68": 11273, "LFB68": 0, "POPFB68": 228, "LF68": 0, "POPF68": 11501, "LMW78": 10, "POPMW78": 13971, "LMB78": 0, "POPMB78": 176, "LM78": 10, "POPM78": 14147, "LFW78": 0, "POPFW78": 14756, "LFB78": 0, "POPFB78": 501, "LF78": 0, "POPF78": 15257, "LMW88": 5, "POPMW88": 14955, "LMB88": 0, "POPMB88": 331, "LM88": 5, "POPM88": 15286, "LFW88": 0, "POPFW88": 16112, "LFB88": 1, "POPFB88": 1038, "LF88": 1, "POPF88": 17150 }, "geometry": { "type": "Polygon", "coordinates": [ [ [ -83.499567862443385, 40.113593873739518 ], [ -83.489903270769503, 40.221268776901475 ], [ -83.544672643679391, 40.226832874173695 ], [ -83.514967897527939, 40.497717211246055 ], [ -83.421275581024332, 40.499899507014824 ], [ -83.245236001786452, 40.502554824539658 ], [ -83.246139603377955, 40.446147427601197 ], [ -83.249845853629552, 40.24474368493739 ], [ -83.169373902108518, 40.242046919052761 ], [ -83.170167512524543, 40.137984854792791 ], [ -83.171929060830038, 40.107052651890925 ], [ -83.205690513798288, 40.107315190422746 ], [ -83.499567862443385, 40.113593873739518 ] ] ] } },
{ "type": "Feature", "properties": { "FIPSNO": 39149, "AREA": 1049430000.0, "PERIMETER": 135491.0, "RECORD_ID": 44, "COUNTYID": 75, "NAME": "Shelby", "LMW68": 7, "POPMW68": 18394, "LMB68": 1, "POPMB68": 293, "LM68": 8, "POPM68": 18687, "LFW68": 2, "POPFW68": 18989, "LFB68": 0, "POPFB68": 290, "LF68": 2, "POPF68": 19279, "LMW78": 8, "POPMW78": 20887, "LMB78": 1, "POPMB78": 314, "LM78": 9, "POPM78": 21201, "LFW78": 4, "POPFW78": 21289, "LFB78": 0, "POPFB78": 283, "LF78": 4, "POPF78": 21572, "LMW88": 16, "POPMW88": 21651, "LMB88": 0, "POPMB88": 307, "LM88": 16, "POPM88": 21958, "LFW88": 6, "POPFW88": 21986, "LFB88": 0, "POPFB88": 295, "LF88": 6, "POPF88": 22281 }, "geometry": { "type": "Polygon", "coordinates": [ [ [ -84.020164065058182, 40.179544396043042 ], [ -84.248570819509808, 40.1961426709316 ], [ -84.424313958326479, 40.191162041883793 ], [ -84.426708316714468, 40.352851577403882 ], [ -84.425425791249651, 40.377027343937847 ], [ -84.331778481803653, 40.378505489469674 ], [ -84.329366557575639, 40.479540067263471 ], [ -84.002857355324977, 40.479936716996491 ], [ -84.00917993193525, 40.270985248096757 ], [ -84.020164065058182, 40.179544396043042 ] ] ] } },
{ "type": "Feature", "properties": { "FIPSNO": 39031, "AREA": 1493850000.0, "PERIMETER": 164055.0, "RECORD_ID": 45, "COUNTYID": 16, "NAME": "Coshocton", "LMW68": 6, "POPMW68": 15698, "LMB68": 0, "POPMB68": 142, "LM68": 6, "POPM68": 15840, "LFW68": 1, "POPFW68": 16868, "LFB68": 0, "POPFB68": 192, "LF68": 1, "POPF68": 17060, "LMW78": 12, "POPMW78": 16910, "LMB78": 1, "POPMB78": 222, "LM78": 13, "POPM78": 17132, "LFW78": 2, "POPFW78": 18052, "LFB78": 0, "POPFB78": 285, "LF78": 2, "POPF78": 18337, "LMW88": 13, "POPMW88": 17066, "LMB88": 0, "POPMB88": 318, "LM88": 13, "POPM88": 17384, "LFW88": 6, "POPFW88": 18045, "LFB88": 0, "POPFB88": 397, "LF88": 6, "POPF88": 18442 }, "geometry": { "type": "Polygon", "coordinates": [ [ [ -82.182478534166691, 40.159494397356632 ], [ -82.175736258064035, 40.231456297211253 ], [ -82.191403769244658, 40.231386151842329 ], [ -82.177634979252545, 40.453868112700142 ], [ -81.704018155122384, 40.442858331763482 ], [ -81.709510765372357, 40.361833275106946 ], [ -81.607351168932894, 40.360252693047386 ], [ -81.613938601928695, 40.212465881236497 ], [ -81.662768770082977, 40.212737150225301 ], [ -81.666625100000701, 40.144513690160643 ], [ -81.711192143898401, 40.1447891132064 ], [ -82.182478534166691, 40.159494397356632 ] ] ] } },
{ "type": "Feature", "properties": { "FIPSNO": 39041, "AREA": 1225620000.0, "PERIMETER": 153709.0, "RECORD_ID": 46, "COUNTYID": 21, "NAME": "Delaware", "LMW68": 8, "POPMW68": 19766, "LMB68": 0, "POPMB68": 509, "LM68": 8, "POPM68": 20275, "LFW68": 3, "POPFW68": 20889, "LFB68": 0, "POPFB68": 800, "LF68": 3, "POPF68": 21689, "LMW78": 15, "POPMW78": 24962, "LMB78": 0, "POPMB78": 681, "LM78": 15, "POPM78": 25643, "LFW78": 5, "POPFW78": 25544, "LFB78": 0, "POPFB78": 766, "LF78": 5, "POPF78": 26310, "LMW88": 13, "POPMW88": 29323, "LMB88": 1, "POPMB88": 1046, "LM88": 14, "POPM88": 30369, "LFW88": 8, "POPFW88": 29917, "LFB88": 0, "POPFB88": 885, "LF88": 8, "POPF88": 30802 }, "geometry": { "type": "Polygon", "coordinates": [ [ [ -83.170167512524543, 40.137984854792791 ], [ -83.169373902108518, 40.242046919052761 ], [ -83.249845853629552, 40.24474368493739 ], [ -83.246139603377955, 40.446147427601197 ], [ -83.01996857099418, 40.44032349700899 ], [ -83.019595212249683, 40.419971420093269 ], [ -82.920379646839677, 40.419680745785847 ], [ -82.924743335891833, 40.357720647661168 ], [ -82.737867689779094, 40.347437985740498 ], [ -82.742751727687789, 40.274124314988036 ], [ -82.756399918157712, 40.123201035200523 ], [ -83.170167512524543, 40.137984854792791 ] ] ] } },
{ "type": "Feature", "properties": { "FIPSNO": 39067, "AREA": 1076140000.0, "PERIMETER": 137082.0, "RECORD_ID": 47, "COUNTYID": 34, "NAME": "Harrison", "LMW68": 5, "POPMW68": 7946, "LMB68": 0, "POPMB68": 284, "LM68": 5, "POPM68": 8230, "LFW68": 1, "POPFW68": 8288, "LFB68": 0, "POPFB68": 260, "LF68": 1, "POPF68": 8548, "LMW78": 7, "POPMW78": 8197, "LMB78": 0, "POPMB78": 254, "LM78": 7, "POPM78": 8451, "LFW78": 1, "POPFW78": 8644, "LFB78": 0, "POPFB78": 243, "LF78": 1, "POPF78": 8887, "LMW88": 11, "POPMW88": 7110, "LMB88": 0, "POPMB88": 186, "LM88": 11, "POPM88": 7296, "LFW88": 3, "POPFW88": 7747, "LFB88": 0, "POPFB88": 186, "LF88": 3, "POPF88": 7933 }, "geometry": { "type": "Polygon", "coordinates": [ [ [ -80.877795534567966, 40.153125193185822 ], [ -81.104703073465274, 40.1640438997524 ], [ -81.219591466766531, 40.161630627599401 ], [ -81.331151617615646, 40.164698836479779 ], [ -81.329272101708682, 40.208310112460062 ], [ -81.322076551829412, 40.29923503215236 ], [ -81.268398453108901, 40.299552195085511 ], [ -81.268121136366119, 40.431627946411432 ], [ -80.940046699358206, 40.421382617819091 ], [ -80.858951702285395, 40.418609383920817 ], [ -80.877795534567966, 40.153125193185822 ] ] ] } },
{ "type": "Feature", "properties": { "FIPSNO": 39037, "AREA": 1553770000.0, "PERIMETER": 160940.0, "RECORD_ID": 48, "COUNTYID": 19, "NAME": "Darke", "LMW68": 9, "POPMW68": 23075, "LMB68": 0, "POPMB68": 107, "LM68": 9, "POPM68": 23182, "LFW68": 1, "POPFW68": 24440, "LFB68": 0, "POPFB68": 127, "LF68": 1, "POPF68": 24567, "LMW78": 17, "POPMW78": 26387, "LMB78": 0, "POPMB78": 157, "LM78": 17, "POPM78": 26544, "LFW78": 8, "POPFW78": 27984, "LFB78": 0, "POPFB78": 163, "LF78": 8, "POPF78": 28147, "LMW88": 22, "POPMW88": 26074, "LMB88": 0, "POPMB88": 114, "LM88": 22, "POPM88": 26188, "LFW88": 13, "POPFW88": 27293, "LFB88": 0, "POPFB88": 117, "LF88": 13, "POPF88": 27410 }, "geometry": { "type": "Polygon", "coordinates": [ [ [ -84.482794652940953, 39.918759995845562 ], [ -84.806151978820537, 39.917139689822129 ], [ -84.80356757077017, 40.013952912709271 ], [ -84.795390226208568, 40.319531504063839 ], [ -84.794552871605262, 40.353061521168705 ], [ -84.426708316714468, 40.352851577403882 ], [ -84.424313958326479, 40.191162041883793 ], [ -84.419738103354959, 39.91955819906876 ], [ -84.482794652940953, 39.918759995845562 ] ] ] } },
{ "type": "Feature", "properties": { "FIPSNO": 39089, "AREA": 1779800000.0, "PERIMETER": 177294.0, "RECORD_ID": 49, "COUNTYID": 45, "NAME": "Licking", "LMW68": 20, "POPMW68": 50589, "LMB68": 1, "POPMB68": 831, "LM68": 21, "POPM68": 51420, "LFW68": 7, "POPFW68": 52827, "LFB68": 1, "POPFB68": 942, "LF68": 8, "POPF68": 53769, "LMW78": 37, "POPMW78": 56898, "LMB78": 0, "POPMB78": 1176, "LM78": 37, "POPM78": 58074, "LFW78": 10, "POPFW78": 59379, "LFB78": 0, "POPFB78": 1228, "LF78": 10, "POPF78": 60607, "LMW88": 57, "POPMW88": 60148, "LMB88": 1, "POPMB88": 1297, "LM88": 58, "POPM88": 61445, "LFW88": 23, "POPFW88": 62973, "LFB88": 0, "POPFB88": 1352, "LF88": 23, "POPF88": 64325 }, "geometry": { "type": "Polygon", "coordinates": [ [ [ -82.45974112158946, 39.918216385689256 ], [ -82.782054525541909, 39.932358783973314 ], [ -82.780398620175291, 39.9668891196212 ], [ -82.766142736750012, 39.969359533338348 ], [ -82.756399918157712, 40.123201035200523 ], [ -82.742751727687789, 40.274124314988036 ], [ -82.473945495606003, 40.261825742260704 ], [ -82.476134548235379, 40.241347606536557 ], [ -82.191403769244658, 40.231386151842329 ], [ -82.175736258064035, 40.231456297211253 ], [ -82.182478534166691, 40.159494397356632 ], [ -82.199090993711465, 39.944630044481741 ], [ -82.229695999772972, 39.944399524608023 ], [ -82.230404205117537, 39.909434970227679 ], [ -82.417004280660905, 39.916764537749934 ], [ -82.418284878004215, 39.926659254229328 ], [ -82.458003800065057, 39.927878308037542 ], [ -82.45974112158946, 39.918216385689256 ] ] ] } },
{ "type": "Feature", "properties": { "FIPSNO": 39021, "AREA": 1114160000.0, "PERIMETER": 140900.0, "RECORD_ID": 50, "COUNTYID": 11, "NAME": "Champaign", "LMW68": 6, "POPMW68": 14011, "LMB68": 1, "POPMB68": 470, "LM68": 7, "POPM68": 14481, "LFW68": 1, "POPFW68": 14893, "LFB68": 0, "POPFB68": 536, "LF68": 1, "POPF68": 15429, "LMW78": 9, "POPMW78": 15799, "LMB78": 1, "POPMB78": 499, "LM78": 10, "POPM78": 16298, "LFW78": 3, "POPFW78": 16551, "LFB78": 0, "POPFB78": 557, "LF78": 3, "POPF78": 17108, "LMW88": 17, "POPMW88": 16552, "LMB88": 0, "POPMB88": 579, "LM88": 17, "POPM88": 17131, "LFW88": 4, "POPFW88": 17425, "LFB88": 0, "POPFB88": 637, "LF88": 4, "POPF88": 18062 }, "geometry": { "type": "Polygon", "coordinates": [ [ [ -84.031876544221291, 40.037100116296607 ], [ -84.020164065058182, 40.179544396043042 ], [ -84.00917993193525, 40.270985248096757 ], [ -83.779841147629867, 40.258981876389875 ], [ -83.78001797072362, 40.240331801767752 ], [ -83.544672643679391, 40.226832874173695 ], [ -83.489903270769503, 40.221268776901475 ], [ -83.499567862443385, 40.113593873739518 ], [ -83.510552538157398, 40.007689855514158 ], [ -84.031876544221291, 40.037100116296607 ] ] ] } },
{ "type": "Feature", "properties": { "FIPSNO": 39059, "AREA": 1364380000.0, "PERIMETER": 168755.0, "RECORD_ID": 51, "COUNTYID": 30, "NAME": "Guernsey", "LMW68": 7, "POPMW68": 16767, "LMB68": 0, "POPMB68": 334, "LM68": 7, "POPM68": 17101, "LFW68": 4, "POPFW68": 18194, "LFB68": 0, "POPFB68": 369, "LF68": 4, "POPF68": 18563, "LMW78": 12, "POPMW78": 18989, "LMB78": 0, "POPMB78": 395, "LM78": 12, "POPM78": 19384, "LFW78": 8, "POPFW78": 20714, "LFB78": 0, "POPFB78": 386, "LF78": 8, "POPF78": 21100, "LMW88": 19, "POPMW88": 18037, "LMB88": 0, "POPMB88": 558, "LM88": 19, "POPM88": 18595, "LFW88": 7, "POPFW88": 19987, "LFB88": 1, "POPFB88": 550, "LF88": 8, "POPF88": 20537 }, "geometry": { "type": "Polygon", "coordinates": [ [ [ -81.229857806693403, 39.942674774397332 ], [ -81.253036659814185, 39.94965420387836 ], [ -81.374912765172496, 39.949594435703247 ], [ -81.376746885695326, 39.916882653462473 ], [ -81.450184942919833, 39.920945540514346 ], [ -81.453107600416516, 39.886786626891428 ], [ -81.570986585456282, 39.892122619637178 ], [ -81.573710894473933, 39.834445594188885 ], [ -81.691518738034844, 39.839569560057555 ], [ -81.684586727326263, 39.926465815989744 ], [ -81.728540590419541, 39.928630609967797 ], [ -81.711192143898401, 40.1447891132064 ], [ -81.666625100000701, 40.144513690160643 ], [ -81.662768770082977, 40.212737150225301 ], [ -81.613938601928695, 40.212465881236497 ], [ -81.329272101708682, 40.208310112460062 ], [ -81.331151617615646, 40.164698836479779 ], [ -81.219591466766531, 40.161630627599401 ], [ -81.229857806693403, 39.942674774397332 ] ] ] } },
{ "type": "Feature", "properties": { "FIPSNO": 39109, "AREA": 1039790000.0, "PERIMETER": 133429.0, "RECORD_ID": 52, "COUNTYID": 55, "NAME": "Miami", "LMW68": 14, "POPMW68": 39316, "LMB68": 0, "POPMB68": 830, "LM68": 14, "POPM68": 40146, "LFW68": 4, "POPFW68": 41736, "LFB68": 0, "POPFB68": 913, "LF68": 4, "POPF68": 42649, "LMW78": 22, "POPMW78": 42704, "LMB78": 2, "POPMB78": 977, "LM78": 24, "POPM78": 43681, "LFW78": 4, "POPFW78": 45166, "LFB78": 0, "POPFB78": 1041, "LF78": 4, "POPF78": 46207, "LMW88": 28, "POPMW88": 42779, "LMB88": 1, "POPMB88": 1387, "LM88": 29, "POPM88": 44166, "LFW88": 13, "POPFW88": 45071, "LFB88": 0, "POPFB88": 1407, "LF88": 13, "POPF88": 46478 }, "geometry": { "type": "Polygon", "coordinates": [ [ [ -84.050010086132559, 39.879801267615349 ], [ -84.156360150328851, 39.886501100674259 ], [ -84.158352110314183, 39.920945574302685 ], [ -84.419738103354959, 39.91955819906876 ], [ -84.424313958326479, 40.191162041883793 ], [ -84.248570819509808, 40.1961426709316 ], [ -84.020164065058182, 40.179544396043042 ], [ -84.031876544221291, 40.037100116296607 ], [ -84.050010086132559, 39.879801267615349 ] ] ] } },
{ "type": "Feature", "properties": { "FIPSNO": 39013, "AREA": 1387480000.0, "PERIMETER": 153790.0, "RECORD_ID": 53, "COUNTYID": 7, "NAME": "Belmont", "LMW68": 21, "POPMW68": 36622, "LMB68": 0, "POPMB68": 853, "LM68": 21, "POPM68": 37475, "LFW68": 4, "POPFW68": 39454, "LFB68": 0, "POPFB68": 927, "LF68": 4, "POPF68": 40381, "LMW78": 18, "POPMW78": 38689, "LMB78": 3, "POPMB78": 834, "LM78": 21, "POPM78": 39523, "LFW78": 13, "POPFW78": 41685, "LFB78": 1, "POPFB78": 966, "LF78": 14, "POPF78": 42651, "LMW88": 42, "POPMW88": 34808, "LMB88": 0, "POPMB88": 930, "LM88": 42, "POPM88": 35738, "LFW88": 28, "POPFW88": 38165, "LFB88": 0, "POPFB88": 1100, "LF88": 28, "POPF88": 39265 }, "geometry": { "type": "Polygon", "coordinates": [ [ [ -81.234228170588025, 39.864910250260252 ], [ -81.229857806693403, 39.942674774397332 ], [ -81.219591466766531, 40.161630627599401 ], [ -81.104703073465274, 40.1640438997524 ], [ -80.877795534567966, 40.153125193185822 ], [ -80.702069851055327, 40.154067739765743 ], [ -80.738241585309382, 40.035678409297951 ], [ -80.738885831441124, 39.983513285560477 ], [ -80.763057304611266, 39.946985251934017 ], [ -80.758886449028111, 39.921298462369975 ], [ -80.7681226606488, 39.91329847228883 ], [ -80.796020249321614, 39.919838045071444 ], [ -80.807838032689631, 39.915893865851821 ], [ -80.812138826087562, 39.904908793699065 ], [ -80.790852202177831, 39.872346380402071 ], [ -80.798522100793335, 39.856682549637455 ], [ -80.825921276285257, 39.839697941457153 ], [ -81.234228170588025, 39.864910250260252 ] ] ] } },
{ "type": "Feature", "properties": { "FIPSNO": 39119, "AREA": 1722120000.0, "PERIMETER": 178224.0, "RECORD_ID": 54, "COUNTYID": 60, "NAME": "Muskingum", "LMW68": 20, "POPMW68": 34934, "LMB68": 1, "POPMB68": 1615, "LM68": 21, "POPM68": 36549, "LFW68": 7, "POPFW68": 38384, "LFB68": 0, "POPFB68": 1757, "LF68": 7, "POPF68": 40141, "LMW78": 39, "POPMW78": 38042, "LMB78": 4, "POPMB78": 1769, "LM78": 43, "POPM78": 39811, "LFW78": 13, "POPFW78": 41271, "LFB78": 3, "POPFB78": 1918, "LF78": 16, "POPF78": 43189, "LMW88": 32, "POPMW88": 38110, "LMB88": 3, "POPMB88": 1947, "LM88": 35, "POPM88": 40057, "LFW88": 28, "POPFW88": 41194, "LFB88": 3, "POPFB88": 1864, "LF88": 31, "POPF88": 43058 }, "geometry": { "type": "Polygon", "coordinates": [ [ [ -82.074472029918624, 39.770432498073617 ], [ -82.074109621233049, 39.811700913900474 ], [ -82.167417812658869, 39.817827160722317 ], [ -82.160407047552027, 39.903849899649138 ], [ -82.230404205117537, 39.909434970227679 ], [ -82.229695999772972, 39.944399524608023 ], [ -82.199090993711465, 39.944630044481741 ], [ -82.182478534166691, 40.159494397356632 ], [ -81.711192143898401, 40.1447891132064 ], [ -81.728540590419541, 39.928630609967797 ], [ -81.684586727326263, 39.926465815989744 ], [ -81.691518738034844, 39.839569560057555 ], [ -81.696677806384784, 39.753222908071443 ], [ -82.074472029918624, 39.770432498073617 ] ] ] } },
{ "type": "Feature", "properties": { "FIPSNO": 39049, "AREA": 1442010000.0, "PERIMETER": 160011.0, "RECORD_ID": 55, "COUNTYID": 25, "NAME": "Franklin", "LMW68": 167, "POPMW68": 344318, "LMB68": 29, "POPMB68": 48830, "LM68": 196, "POPM68": 393148, "LFW68": 45, "POPFW68": 367117, "LFB68": 5, "POPFB68": 52981, "LF68": 50, "POPF68": 420098, "LMW78": 203, "POPMW78": 359984, "LMB78": 46, "POPMB78": 63788, "LM78": 249, "POPM78": 423772, "LFW78": 92, "POPFW78": 383061, "LFB78": 16, "POPFB78": 70228, "LF78": 108, "POPF78": 453289, "LMW88": 292, "POPMW88": 372347, "LMB88": 52, "POPMB88": 78273, "LM88": 344, "POPM88": 450620, "LFW88": 172, "POPFW88": 397189, "LFB88": 27, "POPFB88": 85008, "LF88": 199, "POPF88": 482197 }, "geometry": { "type": "Polygon", "coordinates": [ [ [ -83.242815601174897, 39.804451808380833 ], [ -83.250843945001307, 39.9122213308125 ], [ -83.23213821639628, 39.92627632428303 ], [ -83.263427130205244, 40.001522015469213 ], [ -83.251980707905744, 40.023906172659224 ], [ -83.261103491334197, 40.047510941043065 ], [ -83.212922486167315, 40.047000261285902 ], [ -83.205690513798288, 40.107315190422746 ], [ -83.171929060830038, 40.107052651890925 ], [ -83.170167512524543, 40.137984854792791 ], [ -82.756399918157712, 40.123201035200523 ], [ -82.766142736750012, 39.969359533338348 ], [ -82.780398620175291, 39.9668891196212 ], [ -82.782054525541909, 39.932358783973314 ], [ -82.807899858621369, 39.9325891839365 ], [ -82.810448770701612, 39.910296866079037 ], [ -82.794261848670217, 39.910458440738829 ], [ -82.803627780946186, 39.817878612440495 ], [ -82.823399069181718, 39.81756949202385 ], [ -82.826667472372165, 39.788778482613111 ], [ -83.242815601174897, 39.804451808380833 ] ] ] } },
{ "type": "Feature", "properties": { "FIPSNO": 39097, "AREA": 1218680000.0, "PERIMETER": 162510.0, "RECORD_ID": 56, "COUNTYID": 49, "NAME": "Madison", "LMW68": 6, "POPMW68": 13287, "LMB68": 0, "POPMB68": 1090, "LM68": 6, "POPM68": 14377, "LFW68": 0, "POPFW68": 12834, "LFB68": 1, "POPFB68": 458, "LF68": 1, "POPF68": 13292, "LMW78": 9, "POPMW78": 15469, "LMB78": 0, "POPMB78": 1179, "LM78": 9, "POPM78": 16648, "LFW78": 4, "POPFW78": 15159, "LFB78": 1, "POPFB78": 409, "LF78": 5, "POPF78": 15568, "LMW88": 8, "POPMW88": 17487, "LMB88": 0, "POPMB88": 1124, "LM88": 8, "POPM88": 18611, "LFW88": 8, "POPFW88": 16784, "LFB88": 0, "POPFB88": 385, "LF88": 8, "POPF88": 17169 }, "geometry": { "type": "Polygon", "coordinates": [ [ [ -83.655384078342237, 39.711780842912361 ], [ -83.647238424077898, 39.770792043906539 ], [ -83.59225087077003, 39.765728131074376 ], [ -83.510552538157398, 40.007689855514158 ], [ -83.499567862443385, 40.113593873739518 ], [ -83.205690513798288, 40.107315190422746 ], [ -83.212922486167315, 40.047000261285902 ], [ -83.261103491334197, 40.047510941043065 ], [ -83.251980707905744, 40.023906172659224 ], [ -83.263427130205244, 40.001522015469213 ], [ -83.23213821639628, 39.92627632428303 ], [ -83.250843945001307, 39.9122213308125 ], [ -83.242815601174897, 39.804451808380833 ], [ -83.251176873463606, 39.691498216450618 ], [ -83.655384078342237, 39.711780842912361 ] ] ] } },
{ "type": "Feature", "properties": { "FIPSNO": 39023, "AREA": 1030010000.0, "PERIMETER": 138017.0, "RECORD_ID": 57, "COUNTYID": 12, "NAME": "Clark", "LMW68": 31, "POPMW68": 67797, "LMB68": 5, "POPMB68": 6197, "LM68": 36, "POPM68": 73994, "LFW68": 5, "POPFW68": 72455, "LFB68": 1, "POPFB68": 7052, "LF68": 6, "POPF68": 79507, "LMW78": 47, "POPMW78": 66040, "LMB78": 9, "POPMB78": 6247, "LM78": 56, "POPM78": 72287, "LFW78": 8, "POPFW78": 71035, "LFB78": 0, "POPFB78": 7312, "LF78": 8, "POPF78": 78347, "LMW88": 62, "POPMW88": 64601, "LMB88": 5, "POPMB88": 6670, "LM88": 67, "POPM88": 71271, "LFW88": 32, "POPFW88": 68623, "LFB88": 6, "POPFB88": 7456, "LF88": 38, "POPF88": 76079 }, "geometry": { "type": "Polygon", "coordinates": [ [ [ -83.647238424077898, 39.770792043906539 ], [ -83.742466734812069, 39.783262831509056 ], [ -83.743106385476509, 39.790544383178762 ], [ -83.823208687050723, 39.794206881074601 ], [ -83.823728074507869, 39.82058799892939 ], [ -83.935987118791232, 39.827618015215776 ], [ -83.936728790109214, 39.842552370436117 ], [ -84.050226754571426, 39.849349485111155 ], [ -84.050010086132559, 39.879801267615349 ], [ -84.031876544221291, 40.037100116296607 ], [ -83.510552538157398, 40.007689855514158 ], [ -83.59225087077003, 39.765728131074376 ], [ -83.647238424077898, 39.770792043906539 ] ] ] } },
{ "type": "Feature", "properties": { "FIPSNO": 39121, "AREA": 1044500000.0, "PERIMETER": 179982.0, "RECORD_ID": 58, "COUNTYID": 61, "NAME": "Noble", "LMW68": 4, "POPMW68": 5262, "LMB68": 0, "POPMB68": 6, "LM68": 4, "POPM68": 5268, "LFW68": 0, "POPFW68": 5270, "LFB68": 0, "POPFB68": 9, "LF68": 0, "POPF68": 5279, "LMW78": 5, "POPMW78": 5493, "LMB78": 0, "POPMB78": 16, "LM78": 5, "POPM78": 5509, "LFW78": 0, "POPFW78": 5656, "LFB78": 0, "POPFB78": 18, "LF78": 0, "POPF78": 5674, "LMW88": 3, "POPMW88": 5566, "LMB88": 0, "POPMB88": 12, "LM88": 3, "POPM88": 5578, "LFW88": 2, "POPFW88": 5686, "LFB88": 0, "POPFB88": 12, "LF88": 2, "POPF88": 5698 }, "geometry": { "type": "Polygon", "coordinates": [ [ [ -81.277786181327485, 39.598652770439983 ], [ -81.277762333848145, 39.586849181084752 ], [ -81.35360521614875, 39.586372827505961 ], [ -81.353551244543198, 39.596374543202266 ], [ -81.394781183152901, 39.596421983118312 ], [ -81.393123273628973, 39.610123382730187 ], [ -81.411566526603124, 39.60861785468073 ], [ -81.410583745674288, 39.6236686281282 ], [ -81.449468061282431, 39.624245520734455 ], [ -81.446710291598293, 39.639303400205371 ], [ -81.474781485846535, 39.638831644903753 ], [ -81.476243940284604, 39.578456289751877 ], [ -81.588217445618554, 39.583439767964173 ], [ -81.58425989574404, 39.661218645655509 ], [ -81.641754874804292, 39.662446921260404 ], [ -81.643792275400529, 39.750014350023378 ], [ -81.696677806384784, 39.753222908071443 ], [ -81.691518738034844, 39.839569560057555 ], [ -81.573710894473933, 39.834445594188885 ], [ -81.570986585456282, 39.892122619637178 ], [ -81.453107600416516, 39.886786626891428 ], [ -81.450184942919833, 39.920945540514346 ], [ -81.376746885695326, 39.916882653462473 ], [ -81.374912765172496, 39.949594435703247 ], [ -81.253036659814185, 39.94965420387836 ], [ -81.229857806693403, 39.942674774397332 ], [ -81.234228170588025, 39.864910250260252 ], [ -81.314032452449851, 39.866163249059866 ], [ -81.317324196280509, 39.702260319336773 ], [ -81.27477776483461, 39.700837055057661 ], [ -81.277786181327485, 39.598652770439983 ] ] ] } },
{ "type": "Feature", "properties": { "FIPSNO": 39045, "AREA": 1331980000.0, "PERIMETER": 166783.0, "RECORD_ID": 59, "COUNTYID": 23, "NAME": "Fairfield", "LMW68": 14, "POPMW68": 34125, "LMB68": 0, "POPMB68": 695, "LM68": 14, "POPM68": 34820, "LFW68": 6, "POPFW68": 35656, "LFB68": 0, "POPFB68": 200, "LF68": 6, "POPF68": 35856, "LMW78": 33, "POPMW78": 43141, "LMB78": 0, "POPMB78": 417, "LM78": 33, "POPM78": 43558, "LFW78": 7, "POPFW78": 44926, "LFB78": 0, "POPFB78": 255, "LF78": 7, "POPF78": 45181, "LMW88": 31, "POPMW88": 49045, "LMB88": 1, "POPMB88": 382, "LM88": 32, "POPM88": 49427, "LFW88": 13, "POPFW88": 50615, "LFB88": 0, "POPFB88": 417, "LF88": 13, "POPF88": 51032 }, "geometry": { "type": "Polygon", "coordinates": [ [ [ -82.730019971499445, 39.548173369511446 ], [ -82.848465686060592, 39.55815205273592 ], [ -82.832679512998155, 39.643722580339229 ], [ -82.841665492814144, 39.643760599674273 ], [ -82.826667472372165, 39.788778482613111 ], [ -82.823399069181718, 39.81756949202385 ], [ -82.803627780946186, 39.817878612440495 ], [ -82.794261848670217, 39.910458440738829 ], [ -82.810448770701612, 39.910296866079037 ], [ -82.807899858621369, 39.9325891839365 ], [ -82.782054525541909, 39.932358783973314 ], [ -82.45974112158946, 39.918216385689256 ], [ -82.46812156226062, 39.831169220710599 ], [ -82.39283962366882, 39.826421565443795 ], [ -82.399057442086857, 39.741746154299285 ], [ -82.361114232908776, 39.738683529357907 ], [ -82.370824703517783, 39.652075197063247 ], [ -82.487064960250279, 39.65478938958428 ], [ -82.493418445027544, 39.599567840865824 ], [ -82.608485022924555, 39.603527506583632 ], [ -82.612951448580517, 39.557065220040577 ], [ -82.726903406548132, 39.562815464350166 ], [ -82.730019971499445, 39.548173369511446 ] ] ] } },
{ "type": "Feature", "properties": { "FIPSNO": 39127, "AREA": 1051700000.0, "PERIMETER": 156399.0, "RECORD_ID": 60, "COUNTYID": 64, "NAME": "Perry", "LMW68": 10, "POPMW68": 13017, "LMB68": 0, "POPMB68": 84, "LM68": 10, "POPM68": 13101, "LFW68": 0, "POPFW68": 13629, "LFB68": 0, "POPFB68": 77, "LF68": 0, "POPF68": 13706, "LMW78": 13, "POPMW78": 15167, "LMB78": 0, "POPMB78": 65, "LM78": 13, "POPM78": 15232, "LFW78": 1, "POPFW78": 15574, "LFB78": 0, "POPFB78": 52, "LF78": 1, "POPF78": 15626, "LMW88": 11, "POPMW88": 15741, "LMB88": 0, "POPMB88": 30, "LM88": 11, "POPM88": 15771, "LFW88": 3, "POPFW88": 16208, "LFB88": 0, "POPFB88": 31, "LF88": 3, "POPF88": 16239 }, "geometry": { "type": "Polygon", "coordinates": [ [ [ -82.152754463765049, 39.55416240632119 ], [ -82.263675283799927, 39.560487554184519 ], [ -82.261421137400532, 39.589614502549701 ], [ -82.379581424035038, 39.59592995154744 ], [ -82.370824703517783, 39.652075197063247 ], [ -82.361114232908776, 39.738683529357907 ], [ -82.399057442086857, 39.741746154299285 ], [ -82.39283962366882, 39.826421565443795 ], [ -82.46812156226062, 39.831169220710599 ], [ -82.45974112158946, 39.918216385689256 ], [ -82.458003800065057, 39.927878308037542 ], [ -82.418284878004215, 39.926659254229328 ], [ -82.417004280660905, 39.916764537749934 ], [ -82.230404205117537, 39.909434970227679 ], [ -82.160407047552027, 39.903849899649138 ], [ -82.167417812658869, 39.817827160722317 ], [ -82.074109621233049, 39.811700913900474 ], [ -82.074472029918624, 39.770432498073617 ], [ -82.079333601860398, 39.724346788659233 ], [ -82.021158894960863, 39.72289090903643 ], [ -82.043129756530348, 39.549161258585144 ], [ -82.152754463765049, 39.55416240632119 ] ] ] } },
{ "type": "Feature", "properties": { "FIPSNO": 39113, "AREA": 1210680000.0, "PERIMETER": 145845.0, "RECORD_ID": 61, "COUNTYID": 57, "NAME": "Montgomery", "LMW68": 121, "POPMW68": 258135, "LMB68": 27, "POPMB68": 40669, "LM68": 148, "POPM68": 298804, "LFW68": 23, "POPFW68": 273169, "LFB68": 1, "POPFB68": 44222, "LF68": 24, "POPF68": 317391, "LMW78": 183, "POPMW78": 230010, "LMB78": 30, "POPMB78": 43851, "LM78": 213, "POPM78": 273861, "LFW78": 52, "POPFW78": 245526, "LFB78": 14, "POPFB78": 50109, "LF78": 66, "POPF78": 295635, "LMW88": 187, "POPMW88": 221377, "LMB88": 43, "POPMB88": 51310, "LM88": 230, "POPM88": 272687, "LFW88": 94, "POPFW88": 237059, "LFB88": 16, "POPFB88": 61181, "LF88": 110, "POPF88": 298240 }, "geometry": { "type": "Polygon", "coordinates": [ [ [ -84.482794652940953, 39.918759995845562 ], [ -84.419738103354959, 39.91955819906876 ], [ -84.158352110314183, 39.920945574302685 ], [ -84.156360150328851, 39.886501100674259 ], [ -84.050010086132559, 39.879801267615349 ], [ -84.050226754571426, 39.849349485111155 ], [ -84.052143994808858, 39.837498875941961 ], [ -84.087136672769063, 39.839274434600107 ], [ -84.106527349869921, 39.580142356782041 ], [ -84.284098462570981, 39.59155858618108 ], [ -84.362170099421277, 39.588152366128647 ], [ -84.475215653473754, 39.587344637496166 ], [ -84.482794652940953, 39.918759995845562 ] ] ] } },
{ "type": "Feature", "properties": { "FIPSNO": 39135, "AREA": 1108860000.0, "PERIMETER": 134821.0, "RECORD_ID": 62, "COUNTYID": 68, "NAME": "Preble", "LMW68": 4, "POPMW68": 16321, "LMB68": 0, "POPMB68": 64, "LM68": 4, "POPM68": 16385, "LFW68": 1, "POPFW68": 16941, "LFB68": 0, "POPFB68": 63, "LF68": 1, "POPF68": 17004, "LMW78": 9, "POPMW78": 18186, "LMB78": 0, "POPMB78": 96, "LM78": 9, "POPM78": 18282, "LFW78": 4, "POPFW78": 18798, "LFB78": 0, "POPFB78": 103, "LF78": 4, "POPF78": 18901, "LMW88": 14, "POPMW88": 19810, "LMB88": 0, "POPMB88": 138, "LM88": 14, "POPM88": 19948, "LFW88": 4, "POPFW88": 19215, "LFB88": 0, "POPFB88": 138, "LF88": 4, "POPF88": 19353 }, "geometry": { "type": "Polygon", "coordinates": [ [ [ -84.475215653473754, 39.587344637496166 ], [ -84.47677552876398, 39.566400949505962 ], [ -84.811032324537621, 39.564012810486695 ], [ -84.808699650322026, 39.73332388590844 ], [ -84.806151978820537, 39.917139689822129 ], [ -84.482794652940953, 39.918759995845562 ], [ -84.475215653473754, 39.587344637496166 ] ] ] } },
{ "type": "Feature", "properties": { "FIPSNO": 39111, "AREA": 1157490000.0, "PERIMETER": 149443.0, "RECORD_ID": 63, "COUNTYID": 56, "NAME": "Monroe", "LMW68": 2, "POPMW68": 7844, "LMB68": 0, "POPMB68": 5, "LM68": 2, "POPM68": 7849, "LFW68": 2, "POPFW68": 7941, "LFB68": 0, "POPFB68": 9, "LF68": 2, "POPF68": 7950, "LMW78": 3, "POPMW78": 8227, "LMB78": 0, "POPMB78": 9, "LM78": 3, "POPM78": 8236, "LFW78": 3, "POPFW78": 8304, "LFB78": 0, "POPFB78": 10, "LF78": 3, "POPF78": 8314, "LMW88": 8, "POPMW88": 7591, "LMB88": 0, "POPMB88": 11, "LM88": 8, "POPM88": 7602, "LFW88": 3, "POPFW88": 7503, "LFB88": 0, "POPFB88": 12, "LF88": 3, "POPF88": 7515 }, "geometry": { "type": "Polygon", "coordinates": [ [ [ -81.277786181327485, 39.598652770439983 ], [ -81.27477776483461, 39.700837055057661 ], [ -81.317324196280509, 39.702260319336773 ], [ -81.314032452449851, 39.866163249059866 ], [ -81.234228170588025, 39.864910250260252 ], [ -80.825921276285257, 39.839697941457153 ], [ -80.819106068098918, 39.808963181322717 ], [ -80.870729781004059, 39.760017043939783 ], [ -80.856454563642004, 39.736303467772018 ], [ -80.832292681549163, 39.718791249882912 ], [ -80.832784910690748, 39.703384439306831 ], [ -80.86341542232897, 39.680358197595588 ], [ -80.872742070922442, 39.662438274053201 ], [ -80.881108245670958, 39.624063027163757 ], [ -80.91258829702474, 39.607331635329132 ], [ -80.932612714266014, 39.606984558275364 ], [ -80.983651259495332, 39.581773733118936 ], [ -81.032563415809946, 39.544106500598758 ], [ -81.037387088473935, 39.532661687022234 ], [ -81.035020418911927, 39.56996589952093 ], [ -81.239612416366512, 39.576662209098046 ], [ -81.241687584919902, 39.570711013771053 ], [ -81.260173752604317, 39.570130471161576 ], [ -81.258079615515157, 39.598788316449117 ], [ -81.277786181327485, 39.598652770439983 ] ] ] } },
{ "type": "Feature", "properties": { "FIPSNO": 39057, "AREA": 1047140000.0, "PERIMETER": 134895.0, "RECORD_ID": 64, "COUNTYID": 29, "NAME": "Greene", "LMW68": 17, "POPMW68": 57863, "LMB68": 0, "POPMB68": 4062, "LM68": 17, "POPM68": 61925, "LFW68": 4, "POPFW68": 56677, "LFB68": 0, "POPFB68": 4328, "LF68": 4, "POPF68": 61005, "LMW78": 37, "POPMW78": 59399, "LMB78": 3, "POPMB78": 4871, "LM78": 40, "POPM78": 64270, "LFW78": 6, "POPFW78": 60063, "LFB78": 1, "POPFB78": 5012, "LF78": 7, "POPF78": 65075, "LMW88": 33, "POPMW88": 59692, "LMB88": 4, "POPMB88": 6047, "LM88": 37, "POPM88": 65739, "LFW88": 14, "POPFW88": 61060, "LFB88": 1, "POPFB88": 5892, "LF88": 15, "POPF88": 66952 }, "geometry": { "type": "Polygon", "coordinates": [ [ [ -83.975251113298327, 39.570609093682499 ], [ -84.106527349869921, 39.580142356782041 ], [ -84.087136672769063, 39.839274434600107 ], [ -84.052143994808858, 39.837498875941961 ], [ -84.050226754571426, 39.849349485111155 ], [ -83.936728790109214, 39.842552370436117 ], [ -83.935987118791232, 39.827618015215776 ], [ -83.823728074507869, 39.82058799892939 ], [ -83.823208687050723, 39.794206881074601 ], [ -83.743106385476509, 39.790544383178762 ], [ -83.742466734812069, 39.783262831509056 ], [ -83.647238424077898, 39.770792043906539 ], [ -83.655384078342237, 39.711780842912361 ], [ -83.673418297975189, 39.551825620657667 ], [ -83.975251113298327, 39.570609093682499 ] ] ] } },
{ "type": "Feature", "properties": { "FIPSNO": 39129, "AREA": 1307260000.0, "PERIMETER": 164583.0, "RECORD_ID": 65, "COUNTYID": 65, "NAME": "Pickaway", "LMW68": 9, "POPMW68": 18626, "LMB68": 0, "POPMB68": 437, "LM68": 9, "POPM68": 19063, "LFW68": 3, "POPFW68": 18885, "LFB68": 0, "POPFB68": 423, "LF68": 3, "POPF68": 19308, "LMW78": 7, "POPMW78": 21763, "LMB78": 1, "POPMB78": 376, "LM78": 8, "POPM78": 22139, "LFW78": 1, "POPFW78": 21854, "LFB78": 0, "POPFB78": 340, "LF78": 1, "POPF78": 22194, "LMW88": 19, "POPMW88": 22734, "LMB88": 0, "POPMB88": 452, "LM88": 19, "POPM88": 23186, "LFW88": 8, "POPFW88": 23218, "LFB88": 0, "POPFB88": 412, "LF88": 8, "POPF88": 23630 }, "geometry": { "type": "Polygon", "coordinates": [ [ [ -83.264978160824967, 39.512309176617947 ], [ -83.251176873463606, 39.691498216450618 ], [ -83.242815601174897, 39.804451808380833 ], [ -82.826667472372165, 39.788778482613111 ], [ -82.841665492814144, 39.643760599674273 ], [ -82.832679512998155, 39.643722580339229 ], [ -82.848465686060592, 39.55815205273592 ], [ -82.730019971499445, 39.548173369511446 ], [ -82.737152988511852, 39.457068186446485 ], [ -83.001250665402168, 39.469309718067457 ], [ -82.991440367560671, 39.489299225467711 ], [ -83.004469187626384, 39.503670692257835 ], [ -83.264978160824967, 39.512309176617947 ] ] ] } },
{ "type": "Feature", "properties": { "FIPSNO": 39115, "AREA": 1081310000.0, "PERIMETER": 158933.0, "RECORD_ID": 66, "COUNTYID": 58, "NAME": "Morgan", "LMW68": 1, "POPMW68": 5287, "LMB68": 0, "POPMB68": 216, "LM68": 1, "POPM68": 5503, "LFW68": 0, "POPFW68": 5634, "LFB68": 0, "POPFB68": 243, "LF68": 0, "POPF68": 5877, "LMW78": 5, "POPMW78": 6355, "LMB78": 0, "POPMB78": 300, "LM78": 5, "POPM78": 6655, "LFW78": 2, "POPFW78": 6710, "LFB78": 0, "POPFB78": 280, "LF78": 2, "POPF78": 6990, "LMW88": 5, "POPMW88": 6750, "LMB88": 1, "POPMB88": 163, "LM88": 6, "POPM88": 6913, "LFW88": 4, "POPFW88": 7058, "LFB88": 1, "POPFB88": 138, "LF88": 5, "POPF88": 7196 }, "geometry": { "type": "Polygon", "coordinates": [ [ [ -81.846772023074067, 39.452184122506743 ], [ -82.05355530853258, 39.458874300419545 ], [ -82.043129756530348, 39.549161258585144 ], [ -82.021158894960863, 39.72289090903643 ], [ -82.079333601860398, 39.724346788659233 ], [ -82.074472029918624, 39.770432498073617 ], [ -81.696677806384784, 39.753222908071443 ], [ -81.643792275400529, 39.750014350023378 ], [ -81.641754874804292, 39.662446921260404 ], [ -81.58425989574404, 39.661218645655509 ], [ -81.588217445618554, 39.583439767964173 ], [ -81.717742392708146, 39.581450469230319 ], [ -81.731051595081667, 39.563707255184184 ], [ -81.730000311526538, 39.535601527311769 ], [ -81.728405408187442, 39.528853739302001 ], [ -81.706224960369028, 39.527368739883798 ], [ -81.708219130592994, 39.479691363618834 ], [ -81.751197068868422, 39.480052388995091 ], [ -81.761228010479812, 39.488276769032005 ], [ -81.825487246704768, 39.495136743025206 ], [ -81.828323405212302, 39.452857612191885 ], [ -81.846772023074067, 39.452184122506743 ] ] ] } },
{ "type": "Feature", "properties": { "FIPSNO": 39047, "AREA": 1049540000.0, "PERIMETER": 136160.0, "RECORD_ID": 67, "COUNTYID": 24, "NAME": "Fayette", "LMW68": 4, "POPMW68": 11660, "LMB68": 0, "POPMB68": 355, "LM68": 4, "POPM68": 12015, "LFW68": 2, "POPFW68": 12496, "LFB68": 0, "POPFB68": 377, "LF68": 2, "POPF68": 12873, "LMW78": 7, "POPMW78": 12706, "LMB78": 0, "POPMB78": 392, "LM78": 7, "POPM78": 13098, "LFW78": 6, "POPFW78": 13545, "LFB78": 0, "POPFB78": 391, "LF78": 6, "POPF78": 13936, "LMW88": 12, "POPMW88": 12987, "LMB88": 1, "POPMB88": 442, "LM88": 13, "POPM88": 13429, "LFW88": 5, "POPFW88": 13734, "LFB88": 0, "POPFB88": 437, "LF88": 5, "POPF88": 14171 }, "geometry": { "type": "Polygon", "coordinates": [ [ [ -83.380413300118803, 39.374774276034714 ], [ -83.586466663996205, 39.371725471703456 ], [ -83.575345800818923, 39.544402222936107 ], [ -83.673418297975189, 39.551825620657667 ], [ -83.655384078342237, 39.711780842912361 ], [ -83.251176873463606, 39.691498216450618 ], [ -83.264978160824967, 39.512309176617947 ], [ -83.380413300118803, 39.374774276034714 ] ] ] } },
{ "type": "Feature", "properties": { "FIPSNO": 39073, "AREA": 1104970000.0, "PERIMETER": 165856.0, "RECORD_ID": 68, "COUNTYID": 37, "NAME": "Hocking", "LMW68": 8, "POPMW68": 9592, "LMB68": 0, "POPMB68": 59, "LM68": 8, "POPM68": 9651, "LFW68": 3, "POPFW68": 9995, "LFB68": 0, "POPFB68": 66, "LF68": 3, "POPF68": 10061, "LMW78": 6, "POPMW78": 11371, "LMB78": 0, "POPMB78": 70, "LM78": 6, "POPM78": 11441, "LFW78": 3, "POPFW78": 11727, "LFB78": 0, "POPFB78": 98, "LF78": 3, "POPF78": 11825, "LMW88": 10, "POPMW88": 12480, "LMB88": 0, "POPMB88": 89, "LM88": 10, "POPM88": 12569, "LFW88": 2, "POPFW88": 12596, "LFB88": 0, "POPFB88": 119, "LF88": 2, "POPF88": 12715 }, "geometry": { "type": "Polygon", "coordinates": [ [ [ -82.288695165807496, 39.379288244537783 ], [ -82.514201446497765, 39.391348443933047 ], [ -82.521670249601414, 39.361517501480996 ], [ -82.639460238480169, 39.367125418966367 ], [ -82.640972115381956, 39.354850413893921 ], [ -82.747395669972448, 39.359968156166786 ], [ -82.737152988511852, 39.457068186446485 ], [ -82.730019971499445, 39.548173369511446 ], [ -82.726903406548132, 39.562815464350166 ], [ -82.612951448580517, 39.557065220040577 ], [ -82.608485022924555, 39.603527506583632 ], [ -82.493418445027544, 39.599567840865824 ], [ -82.487064960250279, 39.65478938958428 ], [ -82.370824703517783, 39.652075197063247 ], [ -82.379581424035038, 39.59592995154744 ], [ -82.261421137400532, 39.589614502549701 ], [ -82.263675283799927, 39.560487554184519 ], [ -82.152754463765049, 39.55416240632119 ], [ -82.167098019392711, 39.461934910412893 ], [ -82.275407551706365, 39.466924327832452 ], [ -82.288695165807496, 39.379288244537783 ] ] ] } },
{ "type": "Feature", "properties": { "FIPSNO": 39167, "AREA": 1626890000.0, "PERIMETER": 234370.0, "RECORD_ID": 69, "COUNTYID": 84, "NAME": "Washington", "LMW68": 6, "POPMW68": 26989, "LMB68": 1, "POPMB68": 343, "LM68": 7, "POPM68": 27332, "LFW68": 1, "POPFW68": 28331, "LFB68": 0, "POPFB68": 366, "LF68": 1, "POPF68": 28697, "LMW78": 19, "POPMW78": 30189, "LMB78": 0, "POPMB78": 478, "LM78": 19, "POPM78": 30667, "LFW78": 7, "POPFW78": 31562, "LFB78": 0, "POPFB78": 498, "LF78": 7, "POPF78": 32060, "LMW88": 29, "POPMW88": 30677, "LMB88": 1, "POPMB88": 442, "LM88": 30, "POPM88": 31119, "LFW88": 9, "POPFW88": 31872, "LFB88": 1, "POPFB88": 455, "LF88": 10, "POPF88": 32327 }, "geometry": { "type": "Polygon", "coordinates": [ [ [ -81.375912856978417, 39.345719876668831 ], [ -81.433974610238408, 39.405979821414512 ], [ -81.447956800781512, 39.411062906570891 ], [ -81.465004173021086, 39.406851110670615 ], [ -81.540654230345837, 39.352730330516223 ], [ -81.557393296401528, 39.332647519808418 ], [ -81.572687010358592, 39.265893334595212 ], [ -81.667517239577876, 39.270524530392294 ], [ -81.689523202637005, 39.260214083507535 ], [ -81.697898642852394, 39.219975800689816 ], [ -81.723071602429954, 39.213244324628093 ], [ -81.721062710166422, 39.270475598625495 ], [ -81.815833252653434, 39.273634701440976 ], [ -81.813370954796468, 39.302306044590232 ], [ -81.835367832572061, 39.301970068255017 ], [ -81.833496337517346, 39.320185064995776 ], [ -81.85498261847701, 39.321290723578059 ], [ -81.846772023074067, 39.452184122506743 ], [ -81.828323405212302, 39.452857612191885 ], [ -81.825487246704768, 39.495136743025206 ], [ -81.761228010479812, 39.488276769032005 ], [ -81.751197068868422, 39.480052388995091 ], [ -81.708219130592994, 39.479691363618834 ], [ -81.706224960369028, 39.527368739883798 ], [ -81.728405408187442, 39.528853739302001 ], [ -81.730000311526538, 39.535601527311769 ], [ -81.731051595081667, 39.563707255184184 ], [ -81.717742392708146, 39.581450469230319 ], [ -81.588217445618554, 39.583439767964173 ], [ -81.476243940284604, 39.578456289751877 ], [ -81.474781485846535, 39.638831644903753 ], [ -81.446710291598293, 39.639303400205371 ], [ -81.449468061282431, 39.624245520734455 ], [ -81.410583745674288, 39.6236686281282 ], [ -81.411566526603124, 39.60861785468073 ], [ -81.393123273628973, 39.610123382730187 ], [ -81.394781183152901, 39.596421983118312 ], [ -81.353551244543198, 39.596374543202266 ], [ -81.35360521614875, 39.586372827505961 ], [ -81.277762333848145, 39.586849181084752 ], [ -81.277786181327485, 39.598652770439983 ], [ -81.258079615515157, 39.598788316449117 ], [ -81.260173752604317, 39.570130471161576 ], [ -81.241687584919902, 39.570711013771053 ], [ -81.239612416366512, 39.576662209098046 ], [ -81.035020418911927, 39.56996589952093 ], [ -81.037387088473935, 39.532661687022234 ], [ -81.098239959682132, 39.496493856850243 ], [ -81.117090877989725, 39.467822675853185 ], [ -81.180569320589768, 39.437826093210681 ], [ -81.200307670323767, 39.415897814224145 ], [ -81.224945834802995, 39.408373898179576 ], [ -81.237620370149656, 39.388435001333328 ], [ -81.284017101873516, 39.387069498013915 ], [ -81.338838201152129, 39.353673096438889 ], [ -81.375912856978417, 39.345719876668831 ] ] ] } },
{ "type": "Feature", "properties": { "FIPSNO": 39165, "AREA": 1073950000.0, "PERIMETER": 138038.0, "RECORD_ID": 70, "COUNTYID": 83, "NAME": "Warren", "LMW68": 17, "POPMW68": 41641, "LMB68": 0, "POPMB68": 992, "LM68": 17, "POPM68": 42633, "LFW68": 2, "POPFW68": 41037, "LFB68": 0, "POPFB68": 398, "LF68": 2, "POPF68": 41435, "LMW78": 21, "POPMW78": 47358, "LMB78": 0, "POPMB78": 1387, "LM78": 21, "POPM78": 48745, "LFW78": 12, "POPFW78": 46950, "LFB78": 0, "POPFB78": 534, "LF78": 12, "POPF78": 47484, "LMW88": 42, "POPMW88": 53238, "LMB88": 0, "POPMB88": 1477, "LM88": 42, "POPM88": 54715, "LFW88": 16, "POPFW88": 53768, "LFB88": 1, "POPFB88": 749, "LF88": 17, "POPF88": 54517 }, "geometry": { "type": "Polygon", "coordinates": [ [ [ -84.258192561550814, 39.264402836479078 ], [ -84.271483450914189, 39.291774422950517 ], [ -84.348737408701609, 39.289395570706027 ], [ -84.32910155776419, 39.554966826868935 ], [ -84.360594196828416, 39.546403065298392 ], [ -84.362170099421277, 39.588152366128647 ], [ -84.284098462570981, 39.59155858618108 ], [ -84.106527349869921, 39.580142356782041 ], [ -83.975251113298327, 39.570609093682499 ], [ -84.005453506348218, 39.249225990938442 ], [ -84.258192561550814, 39.264402836479078 ] ] ] } },
{ "type": "Feature", "properties": { "FIPSNO": 39017, "AREA": 1214420000.0, "PERIMETER": 147168.0, "RECORD_ID": 71, "COUNTYID": 9, "NAME": "Butler", "LMW68": 38, "POPMW68": 103346, "LMB68": 2, "POPMB68": 5491, "LM68": 40, "POPM68": 108837, "LFW68": 9, "POPFW68": 107681, "LFB68": 0, "POPFB68": 6098, "LF68": 9, "POPF68": 113779, "LMW78": 86, "POPMW78": 115981, "LMB78": 5, "POPMB78": 6012, "LM78": 91, "POPM78": 121993, "LFW78": 29, "POPFW78": 122545, "LFB78": 3, "POPFB78": 6805, "LF78": 32, "POPF78": 129350, "LMW88": 86, "POPMW88": 127409, "LMB88": 9, "POPMB88": 7909, "LM88": 95, "POPM88": 135318, "LFW88": 61, "POPFW88": 136415, "LFB88": 2, "POPFB88": 8127, "LF88": 63, "POPF88": 144542 }, "geometry": { "type": "Polygon", "coordinates": [ [ [ -84.812076379092659, 39.303051361209597 ], [ -84.812024029147636, 39.312330199971868 ], [ -84.811106659693777, 39.513122421389973 ], [ -84.811032324537621, 39.564012810486695 ], [ -84.47677552876398, 39.566400949505962 ], [ -84.475215653473754, 39.587344637496166 ], [ -84.362170099421277, 39.588152366128647 ], [ -84.360594196828416, 39.546403065298392 ], [ -84.32910155776419, 39.554966826868935 ], [ -84.348737408701609, 39.289395570706027 ], [ -84.64178559378162, 39.311572922781586 ], [ -84.666017329548069, 39.303335364218341 ], [ -84.812076379092659, 39.303051361209597 ] ] ] } },
{ "type": "Feature", "properties": { "FIPSNO": 39027, "AREA": 1100930000.0, "PERIMETER": 135083.0, "RECORD_ID": 72, "COUNTYID": 14, "NAME": "Clinton", "LMW68": 3, "POPMW68": 14942, "LMB68": 1, "POPMB68": 399, "LM68": 4, "POPM68": 15341, "LFW68": 0, "POPFW68": 15431, "LFB68": 0, "POPFB68": 442, "LF68": 0, "POPF68": 15873, "LMW78": 15, "POPMW78": 16442, "LMB78": 1, "POPMB78": 400, "LM78": 16, "POPM78": 16842, "LFW78": 1, "POPFW78": 17152, "LFB78": 0, "POPFB78": 403, "LF78": 1, "POPF78": 17555, "LMW88": 21, "POPMW88": 16362, "LMB88": 0, "POPMB88": 447, "LM88": 21, "POPM88": 16809, "LFW88": 3, "POPFW88": 18427, "LFB88": 0, "POPFB88": 433, "LF88": 3, "POPF88": 18860 }, "geometry": { "type": "Polygon", "coordinates": [ [ [ -83.980868973012576, 39.247335989704048 ], [ -84.005453506348218, 39.249225990938442 ], [ -83.975251113298327, 39.570609093682499 ], [ -83.673418297975189, 39.551825620657667 ], [ -83.575345800818923, 39.544402222936107 ], [ -83.586466663996205, 39.371725471703456 ], [ -83.779952669041322, 39.258074772820976 ], [ -83.80269624024082, 39.238790919376115 ], [ -83.814822252719352, 39.214084402315791 ], [ -83.831172830571887, 39.224138067957043 ], [ -83.828971527434902, 39.239686693871995 ], [ -83.861717799399457, 39.239877052666714 ], [ -83.980868973012576, 39.247335989704048 ] ] ] } },
{ "type": "Feature", "properties": { "FIPSNO": 39009, "AREA": 1320440000.0, "PERIMETER": 176843.0, "RECORD_ID": 73, "COUNTYID": 5, "NAME": "Athens", "LMW68": 10, "POPMW68": 26517, "LMB68": 0, "POPMB68": 754, "LM68": 10, "POPM68": 27271, "LFW68": 2, "POPFW68": 26238, "LFB68": 0, "POPFB68": 671, "LF68": 2, "POPF68": 26909, "LMW78": 24, "POPMW78": 26571, "LMB78": 0, "POPMB78": 1185, "LM78": 24, "POPM78": 27756, "LFW78": 6, "POPFW78": 26349, "LFB78": 0, "POPFB78": 1029, "LF78": 6, "POPF78": 27378, "LMW88": 18, "POPMW88": 27941, "LMB88": 0, "POPMB88": 1878, "LM88": 18, "POPM88": 29819, "LFW88": 6, "POPFW88": 27388, "LFB88": 0, "POPFB88": 1446, "LF88": 6, "POPF88": 28834 }, "geometry": { "type": "Polygon", "coordinates": [ [ [ -82.264340803974122, 39.199616396158227 ], [ -82.257232814190019, 39.290609667996982 ], [ -82.297317051141874, 39.293683951385674 ], [ -82.288695165807496, 39.379288244537783 ], [ -82.275407551706365, 39.466924327832452 ], [ -82.167098019392711, 39.461934910412893 ], [ -82.152754463765049, 39.55416240632119 ], [ -82.043129756530348, 39.549161258585144 ], [ -82.05355530853258, 39.458874300419545 ], [ -81.846772023074067, 39.452184122506743 ], [ -81.85498261847701, 39.321290723578059 ], [ -81.833496337517346, 39.320185064995776 ], [ -81.835367832572061, 39.301970068255017 ], [ -81.813370954796468, 39.302306044590232 ], [ -81.815833252653434, 39.273634701440976 ], [ -81.721062710166422, 39.270475598625495 ], [ -81.723071602429954, 39.213244324628093 ], [ -81.758911233113082, 39.175711247823159 ], [ -82.264340803974122, 39.199616396158227 ] ] ] } },
{ "type": "Feature", "properties": { "FIPSNO": 39141, "AREA": 1801840000.0, "PERIMETER": 177250.0, "RECORD_ID": 74, "COUNTYID": 71, "NAME": "Ross", "LMW68": 15, "POPMW68": 29749, "LMB68": 1, "POPMB68": 1828, "LM68": 16, "POPM68": 31577, "LFW68": 2, "POPFW68": 28865, "LFB68": 0, "POPFB68": 1247, "LF68": 2, "POPF68": 30112, "LMW78": 25, "POPMW78": 30694, "LMB78": 1, "POPMB78": 2175, "LM78": 26, "POPM78": 32869, "LFW78": 6, "POPFW78": 30338, "LFB78": 1, "POPFB78": 1346, "LF78": 7, "POPF78": 31684, "LMW88": 27, "POPMW88": 32214, "LMB88": 0, "POPMB88": 2699, "LM88": 27, "POPM88": 34913, "LFW88": 15, "POPFW88": 31217, "LFB88": 0, "POPFB88": 1482, "LF88": 15, "POPF88": 32699 }, "geometry": { "type": "Polygon", "coordinates": [ [ [ -83.350867907430683, 39.194106179573545 ], [ -83.342598404821899, 39.238959930110845 ], [ -83.353558131286761, 39.242072364345631 ], [ -83.35429069644772, 39.251157087270457 ], [ -83.368903066486354, 39.240499787658358 ], [ -83.385836018951409, 39.243757735977042 ], [ -83.382296390764608, 39.266173528078305 ], [ -83.395905888651441, 39.272380902005587 ], [ -83.384795945463424, 39.28963677302778 ], [ -83.380413300118803, 39.374774276034714 ], [ -83.264978160824967, 39.512309176617947 ], [ -83.004469187626384, 39.503670692257835 ], [ -82.991440367560671, 39.489299225467711 ], [ -83.001250665402168, 39.469309718067457 ], [ -82.737152988511852, 39.457068186446485 ], [ -82.747395669972448, 39.359968156166786 ], [ -82.760863947354352, 39.20091757285271 ], [ -82.766204557943112, 39.159840278672384 ], [ -82.784702728139891, 39.160909911712508 ], [ -83.350867907430683, 39.194106179573545 ] ] ] } },
{ "type": "Feature", "properties": { "FIPSNO": 39163, "AREA": 1070520000.0, "PERIMETER": 163700.0, "RECORD_ID": 75, "COUNTYID": 82, "NAME": "Vinton", "LMW68": 4, "POPMW68": 4777, "LMB68": 0, "POPMB68": 29, "LM68": 4, "POPM68": 4806, "LFW68": 0, "POPFW68": 4662, "LFB68": 0, "POPFB68": 3, "LF68": 0, "POPF68": 4665, "LMW78": 3, "POPMW78": 5438, "LMB78": 0, "POPMB78": 14, "LM78": 3, "POPM78": 5452, "LFW78": 0, "POPFW78": 5530, "LFB78": 0, "POPFB78": 13, "LF78": 0, "POPF78": 5543, "LMW88": 2, "POPMW88": 5795, "LMB88": 0, "POPMB88": 15, "LM88": 2, "POPM88": 5810, "LFW88": 2, "POPFW88": 5662, "LFB88": 0, "POPFB88": 21, "LF88": 2, "POPF88": 5683 }, "geometry": { "type": "Polygon", "coordinates": [ [ [ -82.434417484179761, 39.034554497501375 ], [ -82.424686919879463, 39.136133663654199 ], [ -82.538307528245141, 39.138473635949076 ], [ -82.537324229960433, 39.175699768120246 ], [ -82.659124920001332, 39.18339953994883 ], [ -82.655539907266785, 39.199849280307731 ], [ -82.760863947354352, 39.20091757285271 ], [ -82.747395669972448, 39.359968156166786 ], [ -82.640972115381956, 39.354850413893921 ], [ -82.639460238480169, 39.367125418966367 ], [ -82.521670249601414, 39.361517501480996 ], [ -82.514201446497765, 39.391348443933047 ], [ -82.288695165807496, 39.379288244537783 ], [ -82.297317051141874, 39.293683951385674 ], [ -82.257232814190019, 39.290609667996982 ], [ -82.264340803974122, 39.199616396158227 ], [ -82.303623804543179, 39.200354784054959 ], [ -82.322914095584153, 39.025780525759913 ], [ -82.434417484179761, 39.034554497501375 ] ] ] } },
{ "type": "Feature", "properties": { "FIPSNO": 39071, "AREA": 1421280000.0, "PERIMETER": 159557.0, "RECORD_ID": 76, "COUNTYID": 36, "NAME": "Highland", "LMW68": 4, "POPMW68": 13241, "LMB68": 0, "POPMB68": 375, "LM68": 4, "POPM68": 13616, "LFW68": 5, "POPFW68": 13977, "LFB68": 0, "POPFB68": 414, "LF68": 5, "POPF68": 14391, "LMW78": 16, "POPMW78": 15929, "LMB78": 0, "POPMB78": 392, "LM78": 16, "POPM78": 16321, "LFW78": 3, "POPFW78": 16662, "LFB78": 0, "POPFB78": 436, "LF78": 3, "POPF78": 17098, "LMW88": 16, "POPMW88": 16990, "LMB88": 1, "POPMB88": 423, "LM88": 17, "POPM88": 17413, "LFW88": 7, "POPFW88": 17659, "LFB88": 0, "POPFB88": 456, "LF88": 7, "POPF88": 18115 }, "geometry": { "type": "Polygon", "coordinates": [ [ [ -83.383282876273611, 39.051276359063223 ], [ -83.622106243031212, 39.017949305649822 ], [ -83.671973983255711, 39.01825848737559 ], [ -83.869852094419812, 39.020942257604581 ], [ -83.861717799399457, 39.239877052666714 ], [ -83.828971527434902, 39.239686693871995 ], [ -83.831172830571887, 39.224138067957043 ], [ -83.814822252719352, 39.214084402315791 ], [ -83.80269624024082, 39.238790919376115 ], [ -83.779952669041322, 39.258074772820976 ], [ -83.586466663996205, 39.371725471703456 ], [ -83.380413300118803, 39.374774276034714 ], [ -83.384795945463424, 39.28963677302778 ], [ -83.395905888651441, 39.272380902005587 ], [ -83.382296390764608, 39.266173528078305 ], [ -83.385836018951409, 39.243757735977042 ], [ -83.368903066486354, 39.240499787658358 ], [ -83.35429069644772, 39.251157087270457 ], [ -83.353558131286761, 39.242072364345631 ], [ -83.342598404821899, 39.238959930110845 ], [ -83.350867907430683, 39.194106179573545 ], [ -83.383282876273611, 39.051276359063223 ] ] ] } },
{ "type": "Feature", "properties": { "FIPSNO": 39061, "AREA": 1084790000.0, "PERIMETER": 161655.0, "RECORD_ID": 77, "COUNTYID": 31, "NAME": "Hamilton", "LMW68": 248, "POPMW68": 374673, "LMB68": 54, "POPMB68": 68744, "LM68": 302, "POPM68": 443417, "LFW68": 62, "POPFW68": 410461, "LFB68": 12, "POPFB68": 79375, "LF68": 74, "POPF68": 489836, "LMW78": 266, "POPMW78": 343064, "LMB78": 72, "POPMB78": 76866, "LM78": 338, "POPM78": 419930, "LFW78": 126, "POPFW78": 377084, "LFB78": 19, "POPFB78": 89792, "LF78": 145, "POPF78": 466876, "LMW88": 273, "POPMW88": 327061, "LMB88": 80, "POPMB88": 87683, "LM88": 353, "POPM88": 414744, "LFW88": 179, "POPFW88": 358924, "LFB88": 44, "POPFB88": 102963, "LF88": 223, "POPF88": 461887 }, "geometry": { "type": "Polygon", "coordinates": [ [ [ -84.515297588911352, 39.0942393561103 ], [ -84.593062849241207, 39.070247656904925 ], [ -84.622651866099716, 39.074915686012957 ], [ -84.667488815720873, 39.089635556161518 ], [ -84.742874592709001, 39.142090723375475 ], [ -84.789932179942042, 39.107061422477642 ], [ -84.811482042552996, 39.102574881640905 ], [ -84.812076379092659, 39.303051361209597 ], [ -84.666017329548069, 39.303335364218341 ], [ -84.64178559378162, 39.311572922781586 ], [ -84.348737408701609, 39.289395570706027 ], [ -84.271483450914189, 39.291774422950517 ], [ -84.258192561550814, 39.264402836479078 ], [ -84.31629227906997, 39.210785177186132 ], [ -84.310700563771462, 39.201936404987592 ], [ -84.279524828062563, 39.20597192870764 ], [ -84.269206071409769, 39.197434347653541 ], [ -84.291616566873159, 39.169868612982434 ], [ -84.313308945922628, 39.014043555477407 ], [ -84.34577896511145, 39.037798053713836 ], [ -84.391317233688241, 39.035760802787557 ], [ -84.419735712071628, 39.047361106860578 ], [ -84.425680116394147, 39.084749467348942 ], [ -84.444914388324378, 39.111836212097501 ], [ -84.492052917808365, 39.107369422270303 ], [ -84.515297588911352, 39.0942393561103 ] ] ] } },
{ "type": "Feature", "properties": { "FIPSNO": 39025, "AREA": 1205840000.0, "PERIMETER": 152479.0, "RECORD_ID": 78, "COUNTYID": 13, "NAME": "Clermont", "LMW68": 17, "POPMW68": 44839, "LMB68": 0, "POPMB68": 497, "LM68": 17, "POPM68": 45336, "LFW68": 6, "POPFW68": 45740, "LFB68": 0, "POPFB68": 520, "LF68": 6, "POPF68": 46260, "LMW78": 44, "POPMW78": 58894, "LMB78": 0, "POPMB78": 612, "LM78": 44, "POPM78": 59506, "LFW78": 14, "POPFW78": 60481, "LFB78": 0, "POPFB78": 665, "LF78": 14, "POPF78": 61146, "LMW88": 52, "POPMW88": 71788, "LMB88": 0, "POPMB88": 903, "LM88": 52, "POPM88": 72691, "LFW88": 23, "POPFW88": 73145, "LFB88": 0, "POPFB88": 952, "LF88": 23, "POPF88": 74097 }, "geometry": { "type": "Polygon", "coordinates": [ [ [ -84.228703414703318, 38.812647231868873 ], [ -84.23529593187483, 38.87453330987757 ], [ -84.261520779181666, 38.917493837318453 ], [ -84.290133941055629, 38.944525790289624 ], [ -84.313308945922628, 39.014043555477407 ], [ -84.291616566873159, 39.169868612982434 ], [ -84.269206071409769, 39.197434347653541 ], [ -84.279524828062563, 39.20597192870764 ], [ -84.310700563771462, 39.201936404987592 ], [ -84.31629227906997, 39.210785177186132 ], [ -84.258192561550814, 39.264402836479078 ], [ -84.005453506348218, 39.249225990938442 ], [ -83.980868973012576, 39.247335989704048 ], [ -84.05380687328929, 38.763751235565735 ], [ -84.08886397008645, 38.765531809260615 ], [ -84.17674809254305, 38.788488294077098 ], [ -84.228703414703318, 38.812647231868873 ] ] ] } },
{ "type": "Feature", "properties": { "FIPSNO": 39015, "AREA": 1272420000.0, "PERIMETER": 185451.0, "RECORD_ID": 79, "COUNTYID": 8, "NAME": "Brown", "LMW68": 8, "POPMW68": 12167, "LMB68": 0, "POPMB68": 270, "LM68": 8, "POPM68": 12437, "LFW68": 2, "POPFW68": 12582, "LFB68": 0, "POPFB68": 281, "LF68": 2, "POPF68": 12863, "LMW78": 12, "POPMW78": 15222, "LMB78": 0, "POPMB78": 238, "LM78": 12, "POPM78": 15460, "LFW78": 4, "POPFW78": 15594, "LFB78": 0, "POPFB78": 238, "LF78": 4, "POPF78": 15832, "LMW88": 16, "POPMW88": 17716, "LMB88": 1, "POPMB88": 170, "LM88": 17, "POPM88": 17886, "LFW88": 6, "POPFW88": 17352, "LFB88": 0, "POPFB88": 188, "LF88": 6, "POPF88": 17540 }, "geometry": { "type": "Polygon", "coordinates": [ [ [ -83.912544359107514, 38.75799044529824 ], [ -83.962166266666415, 38.777643462787815 ], [ -84.05380687328929, 38.763751235565735 ], [ -83.980868973012576, 39.247335989704048 ], [ -83.861717799399457, 39.239877052666714 ], [ -83.869852094419812, 39.020942257604581 ], [ -83.671973983255711, 39.01825848737559 ], [ -83.712823798219361, 38.635584810993038 ], [ -83.770224380525278, 38.650816364780908 ], [ -83.790462323448537, 38.693850884322117 ], [ -83.837528257322887, 38.711907436014975 ], [ -83.857553216081598, 38.744934045193212 ], [ -83.912544359107514, 38.75799044529824 ] ] ] } },
{ "type": "Feature", "properties": { "FIPSNO": 39079, "AREA": 1090950000.0, "PERIMETER": 140831.0, "RECORD_ID": 80, "COUNTYID": 40, "NAME": "Jackson", "LMW68": 13, "POPMW68": 13053, "LMB68": 0, "POPMB68": 107, "LM68": 13, "POPM68": 13160, "LFW68": 2, "POPFW68": 14161, "LFB68": 0, "POPFB68": 121, "LF68": 2, "POPF68": 14282, "LMW78": 15, "POPMW78": 14372, "LMB78": 0, "POPMB78": 124, "LM78": 15, "POPM78": 14496, "LFW78": 4, "POPFW78": 15433, "LFB78": 0, "POPFB78": 127, "LF78": 4, "POPF78": 15560, "LMW88": 13, "POPMW88": 14636, "LMB88": 0, "POPMB88": 184, "LM88": 13, "POPM88": 14820, "LFW88": 5, "POPFW88": 15382, "LFB88": 0, "POPFB88": 155, "LF88": 5, "POPF88": 15537 }, "geometry": { "type": "Polygon", "coordinates": [ [ [ -82.647531578122596, 38.844316711908839 ], [ -82.766817518221558, 38.84933086570134 ], [ -82.760352667758482, 38.939895040528818 ], [ -82.809184983965579, 38.943292983010643 ], [ -82.784702728139891, 39.160909911712508 ], [ -82.766204557943112, 39.159840278672384 ], [ -82.760863947354352, 39.20091757285271 ], [ -82.655539907266785, 39.199849280307731 ], [ -82.659124920001332, 39.18339953994883 ], [ -82.537324229960433, 39.175699768120246 ], [ -82.538307528245141, 39.138473635949076 ], [ -82.424686919879463, 39.136133663654199 ], [ -82.434417484179761, 39.034554497501375 ], [ -82.455880766279662, 38.844880818137554 ], [ -82.568667701697478, 38.850358670961448 ], [ -82.569672271379758, 38.839442021284988 ], [ -82.647531578122596, 38.844316711908839 ] ] ] } },
{ "type": "Feature", "properties": { "FIPSNO": 39105, "AREA": 1089800000.0, "PERIMETER": 179982.0, "RECORD_ID": 81, "COUNTYID": 53, "NAME": "Meigs", "LMW68": 9, "POPMW68": 9481, "LMB68": 1, "POPMB68": 124, "LM68": 10, "POPM68": 9605, "LFW68": 1, "POPFW68": 9907, "LFB68": 0, "POPFB68": 140, "LF68": 1, "POPF68": 10047, "LMW78": 8, "POPMW78": 10899, "LMB78": 0, "POPMB78": 130, "LM78": 8, "POPM78": 11029, "LFW78": 1, "POPFW78": 11169, "LFB78": 0, "POPFB78": 129, "LF78": 1, "POPF78": 11298, "LMW88": 11, "POPMW88": 11839, "LMB88": 2, "POPMB88": 159, "LM88": 13, "POPM88": 11998, "LFW88": 3, "POPFW88": 11636, "LFB88": 0, "POPFB88": 157, "LF88": 3, "POPF88": 11793 }, "geometry": { "type": "Polygon", "coordinates": [ [ [ -82.101207914187086, 38.952121540101089 ], [ -82.096052355277664, 39.001730820892668 ], [ -82.323266290744016, 39.013071269396107 ], [ -82.322914095584153, 39.025780525759913 ], [ -82.303623804543179, 39.200354784054959 ], [ -82.264340803974122, 39.199616396158227 ], [ -81.758911233113082, 39.175711247823159 ], [ -81.744701928888958, 39.125882167693412 ], [ -81.753567335750944, 39.094737153825285 ], [ -81.786363932138812, 39.077219350440956 ], [ -81.819563861089676, 39.076990727022498 ], [ -81.82427320567956, 39.066414600391596 ], [ -81.813464246330057, 39.044143018454278 ], [ -81.775679883931645, 39.016826351526646 ], [ -81.781731929580104, 38.968485963156425 ], [ -81.762298008611168, 38.930136421873236 ], [ -81.783223253654342, 38.923599877872562 ], [ -81.823782358139468, 38.948462114683387 ], [ -81.840909447290016, 38.937886933769178 ], [ -81.866800531645396, 38.885702481166568 ], [ -81.892692410528824, 38.873432250251213 ], [ -81.91524321037717, 38.884431693582187 ], [ -81.931853565674459, 38.894753392646599 ], [ -81.898609223027293, 38.932230468721812 ], [ -81.927830495304249, 38.984266647480823 ], [ -81.937735919714385, 38.991216134809981 ], [ -81.9751829319016, 38.992981705330827 ], [ -81.999676340214037, 39.015302065626557 ], [ -82.042881018923225, 39.014112818229648 ], [ -82.058505440398477, 38.989101640281845 ], [ -82.085019180740659, 38.97723383764199 ], [ -82.101207914187086, 38.952121540101089 ] ] ] } },
{ "type": "Feature", "properties": { "FIPSNO": 39131, "AREA": 1128210000.0, "PERIMETER": 144882.0, "RECORD_ID": 82, "COUNTYID": 66, "NAME": "Pike", "LMW68": 3, "POPMW68": 9414, "LMB68": 0, "POPMB68": 165, "LM68": 3, "POPM68": 9579, "LFW68": 1, "POPFW68": 9546, "LFB68": 0, "POPFB68": 159, "LF68": 1, "POPF68": 9705, "LMW78": 7, "POPMW78": 10861, "LMB78": 1, "POPMB78": 149, "LM78": 8, "POPM78": 11010, "LFW78": 0, "POPFW78": 10958, "LFB78": 0, "POPFB78": 164, "LF78": 0, "POPF78": 11122, "LMW88": 19, "POPMW88": 12358, "LMB88": 1, "POPMB88": 157, "LM88": 20, "POPM88": 12515, "LFW88": 3, "POPFW88": 12286, "LFB88": 0, "POPFB88": 178, "LF88": 3, "POPF88": 12464 }, "geometry": { "type": "Polygon", "coordinates": [ [ [ -82.809184983965579, 38.943292983010643 ], [ -83.199836112506176, 38.959917733173036 ], [ -83.234016703653182, 39.010174300280916 ], [ -83.269288911940649, 39.013547643162461 ], [ -83.310464653672909, 39.038867400386422 ], [ -83.313367670127221, 39.052774950835676 ], [ -83.383282876273611, 39.051276359063223 ], [ -83.350867907430683, 39.194106179573545 ], [ -82.784702728139891, 39.160909911712508 ], [ -82.809184983965579, 38.943292983010643 ] ] ] } },
{ "type": "Feature", "properties": { "FIPSNO": 39001, "AREA": 1536060000.0, "PERIMETER": 172801.0, "RECORD_ID": 83, "COUNTYID": 1, "NAME": "Adams", "LMW68": 6, "POPMW68": 8912, "LMB68": 0, "POPMB68": 24, "LM68": 6, "POPM68": 8936, "LFW68": 0, "POPFW68": 8994, "LFB68": 0, "POPFB68": 22, "LF68": 0, "POPF68": 9016, "LMW78": 7, "POPMW78": 11842, "LMB78": 0, "POPMB78": 41, "LM78": 7, "POPM78": 11883, "LFW78": 6, "POPFW78": 11996, "LFB78": 0, "POPFB78": 38, "LF78": 6, "POPF78": 12034, "LMW88": 13, "POPMW88": 12443, "LMB88": 0, "POPMB88": 120, "LM88": 13, "POPM88": 12563, "LFW88": 2, "POPFW88": 12850, "LFB88": 0, "POPFB88": 129, "LF88": 2, "POPF88": 12979 }, "geometry": { "type": "Polygon", "coordinates": [ [ [ -83.643187378148369, 38.635828459537571 ], [ -83.655762577678814, 38.62392087241259 ], [ -83.678531022088421, 38.620968867848696 ], [ -83.712823798219361, 38.635584810993038 ], [ -83.671973983255711, 39.01825848737559 ], [ -83.622106243031212, 39.017949305649822 ], [ -83.383282876273611, 39.051276359063223 ], [ -83.313367670127221, 39.052774950835676 ], [ -83.310464653672909, 39.038867400386422 ], [ -83.269288911940649, 39.013547643162461 ], [ -83.272752750601512, 38.609286454276543 ], [ -83.290045579586618, 38.596604946232326 ], [ -83.306534058922665, 38.596280971876467 ], [ -83.320321042093212, 38.606550368005877 ], [ -83.330019357362943, 38.631946771184147 ], [ -83.371420178628554, 38.654991514552293 ], [ -83.453612433665057, 38.663747100463766 ], [ -83.500073656928379, 38.690152968916728 ], [ -83.526550354108466, 38.696070725173634 ], [ -83.618383848319212, 38.678011868160667 ], [ -83.633238677315092, 38.664974369696175 ], [ -83.643187378148369, 38.635828459537571 ] ] ] } },
{ "type": "Feature", "properties": { "FIPSNO": 39053, "AREA": 1230960000.0, "PERIMETER": 175171.0, "RECORD_ID": 84, "COUNTYID": 27, "NAME": "Gallia", "LMW68": 3, "POPMW68": 11299, "LMB68": 0, "POPMB68": 550, "LM68": 3, "POPM68": 11849, "LFW68": 0, "POPFW68": 11696, "LFB68": 0, "POPFB68": 557, "LF68": 0, "POPF68": 12253, "LMW78": 13, "POPMW78": 14083, "LMB78": 1, "POPMB78": 559, "LM78": 14, "POPM78": 14642, "LFW78": 3, "POPFW78": 14518, "LFB78": 0, "POPFB78": 552, "LF78": 3, "POPF78": 15070, "LMW88": 19, "POPMW88": 14389, "LMB88": 2, "POPMB88": 686, "LM88": 21, "POPM88": 15075, "LFW88": 8, "POPFW88": 14710, "LFB88": 0, "POPFB88": 665, "LF88": 8, "POPF88": 15375 }, "geometry": { "type": "Polygon", "coordinates": [ [ [ -82.101207914187086, 38.952121540101089 ], [ -82.139312438673201, 38.899401313008397 ], [ -82.146099280233258, 38.838779803629549 ], [ -82.197721170093558, 38.80465005206279 ], [ -82.216746684630223, 38.778951651498375 ], [ -82.183976224661521, 38.710261493471549 ], [ -82.188971711675734, 38.677859863506235 ], [ -82.173660060845464, 38.63214614997505 ], [ -82.184250589368446, 38.595002052920883 ], [ -82.213659571506952, 38.584878153672292 ], [ -82.270897147777674, 38.594904115822395 ], [ -82.289968871605836, 38.580096822228739 ], [ -82.362119342475253, 38.583604770276608 ], [ -82.356224466398999, 38.672345114191266 ], [ -82.477130982081533, 38.679801479833152 ], [ -82.472030231532472, 38.734923960028652 ], [ -82.491129345384138, 38.737745634942215 ], [ -82.490137638331277, 38.766413499072748 ], [ -82.575726587990744, 38.773310461698451 ], [ -82.569672271379758, 38.839442021284988 ], [ -82.568667701697478, 38.850358670961448 ], [ -82.455880766279662, 38.844880818137554 ], [ -82.434417484179761, 39.034554497501375 ], [ -82.322914095584153, 39.025780525759913 ], [ -82.323266290744016, 39.013071269396107 ], [ -82.096052355277664, 39.001730820892668 ], [ -82.101207914187086, 38.952121540101089 ] ] ] } },
{ "type": "Feature", "properties": { "FIPSNO": 39145, "AREA": 1606790000.0, "PERIMETER": 218109.0, "RECORD_ID": 85, "COUNTYID": 73, "NAME": "Scioto", "LMW68": 22, "POPMW68": 35832, "LMB68": 1, "POPMB68": 555, "LM68": 23, "POPM68": 36387, "LFW68": 7, "POPFW68": 39098, "LFB68": 0, "POPFB68": 733, "LF68": 7, "POPF68": 39831, "LMW78": 24, "POPMW78": 39192, "LMB78": 2, "POPMB78": 1550, "LM78": 26, "POPM78": 40742, "LFW78": 8, "POPFW78": 42273, "LFB78": 0, "POPFB78": 853, "LF78": 8, "POPF78": 43126, "LMW88": 46, "POPMW88": 37676, "LMB88": 1, "POPMB88": 1922, "LM88": 47, "POPM88": 39598, "LFW88": 20, "POPFW88": 40321, "LFB88": 0, "POPFB88": 944, "LF88": 20, "POPF88": 41265 }, "geometry": { "type": "Polygon", "coordinates": [ [ [ -83.272752750601512, 38.609286454276543 ], [ -83.269288911940649, 39.013547643162461 ], [ -83.234016703653182, 39.010174300280916 ], [ -83.199836112506176, 38.959917733173036 ], [ -82.809184983965579, 38.943292983010643 ], [ -82.760352667758482, 38.939895040528818 ], [ -82.766817518221558, 38.84933086570134 ], [ -82.647531578122596, 38.844316711908839 ], [ -82.658867213601553, 38.745397272300934 ], [ -82.69555498401796, 38.746132266173881 ], [ -82.699696153753194, 38.688312092863633 ], [ -82.713046870161307, 38.676853542104887 ], [ -82.776947959024625, 38.67869324938551 ], [ -82.777893334966834, 38.650925262170936 ], [ -82.750117779470017, 38.601243077482984 ], [ -82.826993517867862, 38.571683249292711 ], [ -82.853857840770559, 38.600456170501936 ], [ -82.860032717604952, 38.652350914771795 ], [ -82.880009212722939, 38.683298931425028 ], [ -82.873192340721445, 38.71900084639698 ], [ -82.890312681947208, 38.742783775103113 ], [ -82.921302528069205, 38.746423265014528 ], [ -82.972480196327353, 38.71962006308744 ], [ -83.02694654833266, 38.714543291062526 ], [ -83.060874893460735, 38.685746979400633 ], [ -83.111245628029039, 38.664844801211466 ], [ -83.143147930170841, 38.619301925961267 ], [ -83.181934339985489, 38.60984458169807 ], [ -83.245012593841523, 38.624148752307406 ], [ -83.272752750601512, 38.609286454276543 ] ] ] } },
{ "type": "Feature", "properties": { "FIPSNO": 39087, "AREA": 1196330000.0, "PERIMETER": 173224.0, "RECORD_ID": 86, "COUNTYID": 44, "NAME": "Lawrence", "LMW68": 17, "POPMW68": 25907, "LMB68": 1, "POPMB68": 813, "LM68": 18, "POPM68": 26720, "LFW68": 4, "POPFW68": 27381, "LFB68": 0, "POPFB68": 831, "LF68": 4, "POPF68": 28212, "LMW78": 25, "POPMW78": 29474, "LMB78": 0, "POPMB78": 856, "LM78": 25, "POPM78": 30330, "LFW78": 8, "POPFW78": 31256, "LFB78": 0, "POPFB78": 844, "LF78": 8, "POPF78": 32100, "LMW88": 30, "POPMW88": 29103, "LMB88": 1, "POPMB88": 1184, "LM88": 31, "POPM88": 30287, "LFW88": 18, "POPFW88": 30808, "LFB88": 0, "POPFB88": 971, "LF88": 18, "POPF88": 31779 }, "geometry": { "type": "Polygon", "coordinates": [ [ [ -82.586607274580587, 38.412534501460584 ], [ -82.613737975943081, 38.472630484539692 ], [ -82.669760787621613, 38.502123044490794 ], [ -82.695582475331022, 38.539148455196298 ], [ -82.741948829505219, 38.553065629352531 ], [ -82.802368741596268, 38.557287044203036 ], [ -82.826993517867862, 38.571683249292711 ], [ -82.750117779470017, 38.601243077482984 ], [ -82.777893334966834, 38.650925262170936 ], [ -82.776947959024625, 38.67869324938551 ], [ -82.713046870161307, 38.676853542104887 ], [ -82.699696153753194, 38.688312092863633 ], [ -82.69555498401796, 38.746132266173881 ], [ -82.658867213601553, 38.745397272300934 ], [ -82.647531578122596, 38.844316711908839 ], [ -82.569672271379758, 38.839442021284988 ], [ -82.575726587990744, 38.773310461698451 ], [ -82.490137638331277, 38.766413499072748 ], [ -82.491129345384138, 38.737745634942215 ], [ -82.472030231532472, 38.734923960028652 ], [ -82.477130982081533, 38.679801479833152 ], [ -82.356224466398999, 38.672345114191266 ], [ -82.362119342475253, 38.583604770276608 ], [ -82.289968871605836, 38.580096822228739 ], [ -82.314236004752431, 38.465199795026919 ], [ -82.32918000306455, 38.441961355265938 ], [ -82.39475983570803, 38.428492582752327 ], [ -82.414891264479678, 38.430413991346946 ], [ -82.494990553654887, 38.405809042727356 ], [ -82.547547288505015, 38.400530876753521 ], [ -82.575425527980798, 38.403944233273144 ], [ -82.586607274580587, 38.412534501460584 ] ] ] } },
{ "type": "Feature", "properties": { "FIPSNO": 39007, "AREA": 1869560000.0, "PERIMETER": 176600.0, "RECORD_ID": 87, "COUNTYID": 4, "NAME": "Ashtabula", "LMW68": 20, "POPMW68": 45167, "LMB68": 0, "POPMB68": 1263, "LM68": 20, "POPM68": 46430, "LFW68": 7, "POPFW68": 47272, "LFB68": 0, "POPFB68": 1375, "LF68": 7, "POPF68": 48647, "LMW78": 38, "POPMW78": 48202, "LMB78": 0, "POPMB78": 1675, "LM78": 38, "POPM78": 49877, "LFW78": 11, "POPFW78": 50852, "LFB78": 0, "POPFB78": 1733, "LF78": 11, "POPF78": 52585, "LMW88": 50, "POPMW88": 45804, "LMB88": 0, "POPMB88": 2183, "LM88": 50, "POPM88": 47987, "LFW88": 15, "POPFW88": 48258, "LFB88": 0, "POPFB88": 2314, "LF88": 15, "POPF88": 50572 }, "geometry": { "type": "Polygon", "coordinates": [ [ [ -81.004277069263267, 41.49563830851119 ], [ -81.000937611241667, 41.711903444702614 ], [ -80.999771116075422, 41.850251157279203 ], [ -80.520587632613385, 41.986873952628983 ], [ -80.522641114121072, 41.850790346376314 ], [ -80.52392006312003, 41.495103472119496 ], [ -81.004277069263267, 41.49563830851119 ] ] ] } },
{ "type": "Feature", "properties": { "FIPSNO": 39085, "AREA": 611960000.0, "PERIMETER": 125762.0, "RECORD_ID": 88, "COUNTYID": 43, "NAME": "Lake", "LMW68": 42, "POPMW68": 95066, "LMB68": 1, "POPMB68": 1412, "LM68": 43, "POPM68": 96478, "LFW68": 7, "POPFW68": 97923, "LFB68": 0, "POPFB68": 1621, "LF68": 7, "POPF68": 99544, "LMW78": 55, "POPMW78": 101592, "LMB78": 2, "POPMB78": 1960, "LM78": 57, "POPM78": 103552, "LFW78": 23, "POPFW78": 105239, "LFB78": 1, "POPFB78": 2165, "LF78": 24, "POPF78": 107404, "LMW88": 96, "POPMW88": 101880, "LMB88": 0, "POPMB88": 2170, "LM88": 96, "POPM88": 104050, "LFW88": 51, "POPFW88": 107365, "LFB88": 0, "POPFB88": 2410, "LF88": 51, "POPF88": 109775 }, "geometry": { "type": "Polygon", "coordinates": [ [ [ -81.000937611241667, 41.711903444702614 ], [ -81.092030477815612, 41.712136811734581 ], [ -81.093700006191028, 41.63665530516019 ], [ -81.286664380145439, 41.63516511774661 ], [ -81.285307846414312, 41.564371240417429 ], [ -81.379886060945708, 41.564277818308007 ], [ -81.476434677480071, 41.566350281800631 ], [ -81.478260461399202, 41.631735415394544 ], [ -81.362263759056162, 41.724302666506354 ], [ -80.999771116075422, 41.850251157279203 ], [ -81.000937611241667, 41.711903444702614 ] ] ] } }
]
}
